<?xml version="1.0" encoding="UTF-8"?>

<!-- generated on 2021-11-30 09:38:45 by Eclipse SUMO GUI Version 1.11.0
<configuration xmlns:xsi="http://www.w3.org/2001/XMLSchema-instance" xsi:noNamespaceSchemaLocation="http://sumo.dlr.de/xsd/sumoConfiguration.xsd">

    <input>
        <net-file value="./the_second_experiment_SUMO_2/nodes.net.xml"/>
        <route-files value="./the_second_experiment_SUMO_2/nodes_1.rou.xml"/>
    </input>

    <output>
        <summary-output value="./the_second_experiment_SUMO_2/output_summary.xml"/>
    </output>

    <time>
        <begin value="0"/>
        <end value="10800"/>
    </time>

    <traci_server>
        <remote-port value="63798"/>
    </traci_server>

    <gui_only>
        <start value="true"/>
    </gui_only>

</configuration>
-->

<summary xmlns:xsi="http://www.w3.org/2001/XMLSchema-instance" xsi:noNamespaceSchemaLocation="http://sumo.dlr.de/xsd/summary_file.xsd">
    <step time="0.00" loaded="7" inserted="6" running="6" waiting="0" ended="0" arrived="0" collisions="0" teleports="0" halting="6" stopped="0" meanWaitingTime="0.00" meanTravelTime="-1.00" meanSpeed="0.00" meanSpeedRelative="0.00" duration="227460260"/>
    <step time="1.00" loaded="7" inserted="6" running="6" waiting="0" ended="0" arrived="0" collisions="0" teleports="0" halting="0" stopped="0" meanWaitingTime="0.00" meanTravelTime="-1.00" meanSpeed="1.94" meanSpeedRelative="0.14" duration="227460260"/>
    <step time="2.00" loaded="7" inserted="6" running="6" waiting="0" ended="0" arrived="0" collisions="0" teleports="0" halting="0" stopped="0" meanWaitingTime="0.00" meanTravelTime="-1.00" meanSpeed="3.98" meanSpeedRelative="0.29" duration="227460261"/>
    <step time="3.00" loaded="7" inserted="6" running="6" waiting="0" ended="0" arrived="0" collisions="0" teleports="0" halting="0" stopped="0" meanWaitingTime="0.00" meanTravelTime="-1.00" meanSpeed="5.66" meanSpeedRelative="0.41" duration="227460261"/>
    <step time="4.00" loaded="7" inserted="6" running="6" waiting="0" ended="0" arrived="0" collisions="0" teleports="0" halting="0" stopped="0" meanWaitingTime="0.00" meanTravelTime="-1.00" meanSpeed="7.46" meanSpeedRelative="0.54" duration="227460262"/>
    <step time="5.00" loaded="7" inserted="6" running="6" waiting="0" ended="0" arrived="0" collisions="0" teleports="0" halting="0" stopped="0" meanWaitingTime="0.00" meanTravelTime="-1.00" meanSpeed="9.39" meanSpeedRelative="0.68" duration="227460262"/>
    <step time="6.00" loaded="211" inserted="12" running="12" waiting="0" ended="0" arrived="0" collisions="0" teleports="0" halting="6" stopped="0" meanWaitingTime="0.00" meanTravelTime="-1.00" meanSpeed="5.56" meanSpeedRelative="0.40" duration="227460262"/>
    <step time="7.00" loaded="211" inserted="12" running="12" waiting="0" ended="0" arrived="0" collisions="0" teleports="0" halting="0" stopped="0" meanWaitingTime="0.00" meanTravelTime="-1.00" meanSpeed="7.17" meanSpeedRelative="0.52" duration="227460291"/>
    <step time="8.00" loaded="211" inserted="12" running="12" waiting="0" ended="0" arrived="0" collisions="0" teleports="0" halting="0" stopped="0" meanWaitingTime="0.00" meanTravelTime="-1.00" meanSpeed="8.45" meanSpeedRelative="0.61" duration="227460292"/>
    <step time="9.00" loaded="211" inserted="12" running="12" waiting="0" ended="0" arrived="0" collisions="0" teleports="0" halting="0" stopped="0" meanWaitingTime="0.00" meanTravelTime="-1.00" meanSpeed="9.39" meanSpeedRelative="0.68" duration="227460292"/>
    <step time="10.00" loaded="211" inserted="12" running="12" waiting="0" ended="0" arrived="0" collisions="0" teleports="0" halting="0" stopped="0" meanWaitingTime="0.00" meanTravelTime="-1.00" meanSpeed="10.35" meanSpeedRelative="0.75" duration="227460293"/>
    <step time="11.00" loaded="211" inserted="12" running="12" waiting="0" ended="0" arrived="0" collisions="0" teleports="0" halting="0" stopped="0" meanWaitingTime="0.00" meanTravelTime="-1.00" meanSpeed="11.36" meanSpeedRelative="0.82" duration="227460293"/>
    <step time="12.00" loaded="211" inserted="18" running="18" waiting="0" ended="0" arrived="0" collisions="0" teleports="0" halting="6" stopped="0" meanWaitingTime="0.00" meanTravelTime="-1.00" meanSpeed="8.23" meanSpeedRelative="0.59" duration="227460293"/>
    <step time="13.00" loaded="211" inserted="18" running="18" waiting="0" ended="0" arrived="0" collisions="0" teleports="0" halting="0" stopped="0" meanWaitingTime="0.00" meanTravelTime="-1.00" meanSpeed="9.20" meanSpeedRelative="0.66" duration="227460294"/>
    <step time="14.00" loaded="211" inserted="18" running="18" waiting="0" ended="0" arrived="0" collisions="0" teleports="0" halting="0" stopped="0" meanWaitingTime="0.00" meanTravelTime="-1.00" meanSpeed="9.92" meanSpeedRelative="0.71" duration="227460295"/>
    <step time="15.00" loaded="211" inserted="18" running="18" waiting="0" ended="0" arrived="0" collisions="0" teleports="0" halting="0" stopped="0" meanWaitingTime="0.00" meanTravelTime="-1.00" meanSpeed="10.57" meanSpeedRelative="0.76" duration="227460295"/>
    <step time="16.00" loaded="211" inserted="18" running="18" waiting="0" ended="0" arrived="0" collisions="0" teleports="0" halting="0" stopped="0" meanWaitingTime="0.00" meanTravelTime="-1.00" meanSpeed="11.08" meanSpeedRelative="0.80" duration="227460296"/>
    <step time="17.00" loaded="211" inserted="18" running="18" waiting="0" ended="0" arrived="0" collisions="0" teleports="0" halting="0" stopped="0" meanWaitingTime="0.00" meanTravelTime="-1.00" meanSpeed="11.40" meanSpeedRelative="0.82" duration="227460296"/>
    <step time="18.00" loaded="211" inserted="24" running="24" waiting="0" ended="0" arrived="0" collisions="0" teleports="0" halting="6" stopped="0" meanWaitingTime="0.00" meanTravelTime="-1.00" meanSpeed="9.18" meanSpeedRelative="0.66" duration="227460297"/>
    <step time="19.00" loaded="211" inserted="24" running="24" waiting="0" ended="0" arrived="0" collisions="0" teleports="0" halting="0" stopped="0" meanWaitingTime="0.00" meanTravelTime="-1.00" meanSpeed="10.11" meanSpeedRelative="0.73" duration="227460299"/>
    <step time="20.00" loaded="211" inserted="24" running="24" waiting="0" ended="0" arrived="0" collisions="0" teleports="0" halting="0" stopped="0" meanWaitingTime="0.00" meanTravelTime="-1.00" meanSpeed="10.56" meanSpeedRelative="0.76" duration="227460299"/>
    <step time="21.00" loaded="211" inserted="24" running="24" waiting="0" ended="0" arrived="0" collisions="0" teleports="0" halting="0" stopped="0" meanWaitingTime="0.00" meanTravelTime="-1.00" meanSpeed="11.22" meanSpeedRelative="0.81" duration="227460301"/>
    <step time="22.00" loaded="211" inserted="24" running="24" waiting="0" ended="0" arrived="0" collisions="0" teleports="0" halting="0" stopped="0" meanWaitingTime="0.00" meanTravelTime="-1.00" meanSpeed="11.92" meanSpeedRelative="0.86" duration="227460303"/>
    <step time="23.00" loaded="211" inserted="24" running="24" waiting="0" ended="0" arrived="0" collisions="0" teleports="0" halting="0" stopped="0" meanWaitingTime="0.00" meanTravelTime="-1.00" meanSpeed="12.43" meanSpeedRelative="0.89" duration="227460304"/>
    <step time="24.00" loaded="211" inserted="30" running="30" waiting="0" ended="0" arrived="0" collisions="0" teleports="0" halting="6" stopped="0" meanWaitingTime="0.00" meanTravelTime="-1.00" meanSpeed="9.98" meanSpeedRelative="0.72" duration="227460305"/>
    <step time="25.00" loaded="211" inserted="30" running="30" waiting="0" ended="0" arrived="0" collisions="0" teleports="0" halting="0" stopped="0" meanWaitingTime="0.00" meanTravelTime="-1.00" meanSpeed="10.72" meanSpeedRelative="0.77" duration="227460307"/>
    <step time="26.00" loaded="211" inserted="30" running="30" waiting="0" ended="0" arrived="0" collisions="0" teleports="0" halting="0" stopped="0" meanWaitingTime="0.00" meanTravelTime="-1.00" meanSpeed="11.07" meanSpeedRelative="0.80" duration="227460308"/>
    <step time="27.00" loaded="211" inserted="30" running="30" waiting="0" ended="0" arrived="0" collisions="0" teleports="0" halting="0" stopped="0" meanWaitingTime="0.00" meanTravelTime="-1.00" meanSpeed="11.45" meanSpeedRelative="0.82" duration="227460309"/>
    <step time="28.00" loaded="211" inserted="30" running="30" waiting="0" ended="0" arrived="0" collisions="0" teleports="0" halting="0" stopped="0" meanWaitingTime="0.00" meanTravelTime="-1.00" meanSpeed="11.85" meanSpeedRelative="0.85" duration="227460310"/>
    <step time="29.00" loaded="211" inserted="30" running="30" waiting="0" ended="0" arrived="0" collisions="0" teleports="0" halting="0" stopped="0" meanWaitingTime="0.00" meanTravelTime="-1.00" meanSpeed="12.32" meanSpeedRelative="0.89" duration="227460311"/>
    <step time="30.00" loaded="211" inserted="36" running="36" waiting="0" ended="0" arrived="0" collisions="0" teleports="0" halting="6" stopped="0" meanWaitingTime="0.00" meanTravelTime="-1.00" meanSpeed="10.50" meanSpeedRelative="0.76" duration="227460311"/>
    <step time="31.00" loaded="211" inserted="36" running="36" waiting="0" ended="0" arrived="0" collisions="0" teleports="0" halting="0" stopped="0" meanWaitingTime="0.00" meanTravelTime="-1.00" meanSpeed="10.89" meanSpeedRelative="0.78" duration="227460313"/>
    <step time="32.00" loaded="211" inserted="36" running="36" waiting="0" ended="0" arrived="0" collisions="0" teleports="0" halting="0" stopped="0" meanWaitingTime="0.00" meanTravelTime="-1.00" meanSpeed="11.28" meanSpeedRelative="0.81" duration="227460314"/>
    <step time="33.00" loaded="211" inserted="36" running="36" waiting="0" ended="0" arrived="0" collisions="0" teleports="0" halting="0" stopped="0" meanWaitingTime="0.00" meanTravelTime="-1.00" meanSpeed="11.57" meanSpeedRelative="0.83" duration="227460318"/>
    <step time="34.00" loaded="211" inserted="36" running="36" waiting="0" ended="0" arrived="0" collisions="0" teleports="0" halting="0" stopped="0" meanWaitingTime="0.00" meanTravelTime="-1.00" meanSpeed="12.00" meanSpeedRelative="0.86" duration="227460320"/>
    <step time="35.00" loaded="211" inserted="36" running="36" waiting="0" ended="0" arrived="0" collisions="0" teleports="0" halting="0" stopped="0" meanWaitingTime="0.00" meanTravelTime="-1.00" meanSpeed="12.36" meanSpeedRelative="0.89" duration="227460322"/>
    <step time="36.00" loaded="211" inserted="42" running="42" waiting="0" ended="0" arrived="0" collisions="0" teleports="0" halting="6" stopped="0" meanWaitingTime="0.00" meanTravelTime="-1.00" meanSpeed="10.83" meanSpeedRelative="0.78" duration="227460324"/>
    <step time="37.00" loaded="211" inserted="42" running="42" waiting="0" ended="0" arrived="0" collisions="0" teleports="0" halting="0" stopped="0" meanWaitingTime="0.00" meanTravelTime="-1.00" meanSpeed="11.48" meanSpeedRelative="0.83" duration="227460327"/>
    <step time="38.00" loaded="211" inserted="42" running="42" waiting="0" ended="0" arrived="0" collisions="0" teleports="0" halting="0" stopped="0" meanWaitingTime="0.00" meanTravelTime="-1.00" meanSpeed="11.85" meanSpeedRelative="0.85" duration="227460329"/>
    <step time="39.00" loaded="211" inserted="42" running="42" waiting="0" ended="0" arrived="0" collisions="0" teleports="0" halting="0" stopped="0" meanWaitingTime="0.00" meanTravelTime="-1.00" meanSpeed="11.88" meanSpeedRelative="0.86" duration="227460331"/>
    <step time="40.00" loaded="211" inserted="42" running="42" waiting="0" ended="0" arrived="0" collisions="0" teleports="0" halting="0" stopped="0" meanWaitingTime="0.00" meanTravelTime="-1.00" meanSpeed="12.00" meanSpeedRelative="0.86" duration="227460333"/>
    <step time="41.00" loaded="211" inserted="42" running="42" waiting="0" ended="0" arrived="0" collisions="0" teleports="0" halting="0" stopped="0" meanWaitingTime="0.00" meanTravelTime="-1.00" meanSpeed="12.16" meanSpeedRelative="0.88" duration="227460335"/>
    <step time="42.00" loaded="211" inserted="48" running="48" waiting="0" ended="0" arrived="0" collisions="0" teleports="0" halting="6" stopped="0" meanWaitingTime="0.00" meanTravelTime="-1.00" meanSpeed="10.82" meanSpeedRelative="0.78" duration="227460337"/>
    <step time="43.00" loaded="211" inserted="48" running="48" waiting="0" ended="0" arrived="0" collisions="0" teleports="0" halting="0" stopped="0" meanWaitingTime="0.00" meanTravelTime="-1.00" meanSpeed="11.44" meanSpeedRelative="0.82" duration="227460339"/>
    <step time="44.00" loaded="211" inserted="48" running="48" waiting="0" ended="0" arrived="0" collisions="0" teleports="0" halting="0" stopped="0" meanWaitingTime="0.00" meanTravelTime="-1.00" meanSpeed="11.79" meanSpeedRelative="0.85" duration="227460341"/>
    <step time="45.00" loaded="211" inserted="48" running="48" waiting="0" ended="0" arrived="0" collisions="0" teleports="0" halting="0" stopped="0" meanWaitingTime="0.00" meanTravelTime="-1.00" meanSpeed="12.04" meanSpeedRelative="0.87" duration="227460343"/>
    <step time="46.00" loaded="211" inserted="48" running="48" waiting="0" ended="0" arrived="0" collisions="0" teleports="0" halting="0" stopped="0" meanWaitingTime="0.00" meanTravelTime="-1.00" meanSpeed="12.28" meanSpeedRelative="0.88" duration="227460344"/>
    <step time="47.00" loaded="211" inserted="48" running="48" waiting="0" ended="0" arrived="0" collisions="0" teleports="0" halting="0" stopped="0" meanWaitingTime="0.00" meanTravelTime="-1.00" meanSpeed="12.34" meanSpeedRelative="0.89" duration="227460346"/>
    <step time="48.00" loaded="211" inserted="54" running="54" waiting="0" ended="0" arrived="0" collisions="0" teleports="0" halting="6" stopped="0" meanWaitingTime="0.00" meanTravelTime="-1.00" meanSpeed="11.18" meanSpeedRelative="0.80" duration="227460348"/>
    <step time="49.00" loaded="211" inserted="54" running="54" waiting="0" ended="0" arrived="0" collisions="0" teleports="0" halting="0" stopped="0" meanWaitingTime="0.00" meanTravelTime="-1.00" meanSpeed="11.28" meanSpeedRelative="0.81" duration="227460351"/>
    <step time="50.00" loaded="211" inserted="54" running="54" waiting="0" ended="0" arrived="0" collisions="0" teleports="0" halting="0" stopped="0" meanWaitingTime="0.00" meanTravelTime="-1.00" meanSpeed="11.48" meanSpeedRelative="0.83" duration="227460352"/>
    <step time="51.00" loaded="211" inserted="54" running="54" waiting="0" ended="0" arrived="0" collisions="0" teleports="0" halting="1" stopped="0" meanWaitingTime="0.00" meanTravelTime="-1.00" meanSpeed="11.65" meanSpeedRelative="0.84" duration="227460355"/>
    <step time="52.00" loaded="211" inserted="54" running="54" waiting="0" ended="0" arrived="0" collisions="0" teleports="0" halting="1" stopped="0" meanWaitingTime="0.00" meanTravelTime="-1.00" meanSpeed="11.75" meanSpeedRelative="0.85" duration="227460356"/>
    <step time="53.00" loaded="211" inserted="54" running="54" waiting="0" ended="0" arrived="0" collisions="0" teleports="0" halting="2" stopped="0" meanWaitingTime="0.00" meanTravelTime="-1.00" meanSpeed="11.86" meanSpeedRelative="0.85" duration="227460358"/>
    <step time="54.00" loaded="211" inserted="60" running="60" waiting="0" ended="0" arrived="0" collisions="0" teleports="0" halting="8" stopped="0" meanWaitingTime="0.00" meanTravelTime="-1.00" meanSpeed="10.92" meanSpeedRelative="0.79" duration="227460359"/>
    <step time="55.00" loaded="211" inserted="60" running="60" waiting="0" ended="0" arrived="0" collisions="0" teleports="0" halting="2" stopped="0" meanWaitingTime="0.00" meanTravelTime="-1.00" meanSpeed="11.32" meanSpeedRelative="0.82" duration="227460361"/>
    <step time="56.00" loaded="211" inserted="60" running="60" waiting="0" ended="0" arrived="0" collisions="0" teleports="0" halting="3" stopped="0" meanWaitingTime="0.00" meanTravelTime="-1.00" meanSpeed="11.51" meanSpeedRelative="0.83" duration="227460363"/>
    <step time="57.00" loaded="211" inserted="60" running="60" waiting="0" ended="0" arrived="0" collisions="0" teleports="0" halting="3" stopped="0" meanWaitingTime="0.00" meanTravelTime="-1.00" meanSpeed="11.82" meanSpeedRelative="0.85" duration="227460365"/>
    <step time="58.00" loaded="211" inserted="60" running="60" waiting="0" ended="0" arrived="0" collisions="0" teleports="0" halting="3" stopped="0" meanWaitingTime="0.00" meanTravelTime="-1.00" meanSpeed="11.73" meanSpeedRelative="0.84" duration="227460367"/>
    <step time="59.00" loaded="211" inserted="60" running="60" waiting="0" ended="0" arrived="0" collisions="0" teleports="0" halting="3" stopped="0" meanWaitingTime="0.00" meanTravelTime="-1.00" meanSpeed="11.84" meanSpeedRelative="0.85" duration="227460368"/>
    <step time="60.00" loaded="211" inserted="66" running="66" waiting="0" ended="0" arrived="0" collisions="0" teleports="0" halting="8" stopped="0" meanWaitingTime="0.00" meanTravelTime="-1.00" meanSpeed="10.74" meanSpeedRelative="0.77" duration="227460369"/>
    <step time="61.00" loaded="211" inserted="66" running="66" waiting="0" ended="0" arrived="0" collisions="0" teleports="0" halting="2" stopped="0" meanWaitingTime="0.00" meanTravelTime="-1.00" meanSpeed="11.11" meanSpeedRelative="0.80" duration="227460370"/>
    <step time="62.00" loaded="211" inserted="66" running="66" waiting="0" ended="0" arrived="0" collisions="0" teleports="0" halting="3" stopped="0" meanWaitingTime="0.00" meanTravelTime="-1.00" meanSpeed="11.31" meanSpeedRelative="0.81" duration="227460371"/>
    <step time="63.00" loaded="211" inserted="66" running="66" waiting="0" ended="0" arrived="0" collisions="0" teleports="0" halting="3" stopped="0" meanWaitingTime="0.00" meanTravelTime="-1.00" meanSpeed="11.53" meanSpeedRelative="0.83" duration="227460372"/>
    <step time="64.00" loaded="211" inserted="66" running="66" waiting="0" ended="0" arrived="0" collisions="0" teleports="0" halting="3" stopped="0" meanWaitingTime="0.00" meanTravelTime="-1.00" meanSpeed="11.80" meanSpeedRelative="0.85" duration="227460373"/>
    <step time="65.00" loaded="211" inserted="66" running="66" waiting="0" ended="0" arrived="0" collisions="0" teleports="0" halting="3" stopped="0" meanWaitingTime="0.00" meanTravelTime="-1.00" meanSpeed="11.91" meanSpeedRelative="0.86" duration="227460374"/>
    <step time="66.00" loaded="211" inserted="72" running="72" waiting="0" ended="0" arrived="0" collisions="0" teleports="0" halting="9" stopped="0" meanWaitingTime="0.00" meanTravelTime="-1.00" meanSpeed="10.76" meanSpeedRelative="0.77" duration="227460374"/>
    <step time="67.00" loaded="211" inserted="72" running="72" waiting="0" ended="0" arrived="0" collisions="0" teleports="0" halting="3" stopped="0" meanWaitingTime="0.00" meanTravelTime="-1.00" meanSpeed="10.91" meanSpeedRelative="0.79" duration="227460375"/>
    <step time="68.00" loaded="211" inserted="72" running="72" waiting="0" ended="0" arrived="0" collisions="0" teleports="0" halting="3" stopped="0" meanWaitingTime="0.00" meanTravelTime="-1.00" meanSpeed="11.02" meanSpeedRelative="0.79" duration="227460376"/>
    <step time="69.00" loaded="211" inserted="72" running="72" waiting="0" ended="0" arrived="0" collisions="0" teleports="0" halting="4" stopped="0" meanWaitingTime="0.00" meanTravelTime="-1.00" meanSpeed="11.14" meanSpeedRelative="0.80" duration="227460377"/>
    <step time="70.00" loaded="211" inserted="72" running="72" waiting="0" ended="0" arrived="0" collisions="0" teleports="0" halting="4" stopped="0" meanWaitingTime="0.00" meanTravelTime="-1.00" meanSpeed="11.22" meanSpeedRelative="0.81" duration="227460378"/>
    <step time="71.00" loaded="211" inserted="72" running="72" waiting="0" ended="0" arrived="0" collisions="0" teleports="0" halting="5" stopped="0" meanWaitingTime="0.00" meanTravelTime="-1.00" meanSpeed="11.25" meanSpeedRelative="0.81" duration="227460380"/>
    <step time="72.00" loaded="211" inserted="78" running="78" waiting="0" ended="0" arrived="0" collisions="0" teleports="0" halting="12" stopped="0" meanWaitingTime="0.00" meanTravelTime="-1.00" meanSpeed="10.50" meanSpeedRelative="0.76" duration="227460383"/>
    <step time="73.00" loaded="211" inserted="78" running="78" waiting="0" ended="0" arrived="0" collisions="0" teleports="0" halting="6" stopped="0" meanWaitingTime="0.00" meanTravelTime="-1.00" meanSpeed="10.81" meanSpeedRelative="0.78" duration="227460385"/>
    <step time="74.00" loaded="211" inserted="78" running="78" waiting="0" ended="0" arrived="0" collisions="0" teleports="0" halting="6" stopped="0" meanWaitingTime="0.00" meanTravelTime="-1.00" meanSpeed="10.97" meanSpeedRelative="0.79" duration="227460386"/>
    <step time="75.00" loaded="211" inserted="78" running="78" waiting="0" ended="0" arrived="0" collisions="0" teleports="0" halting="6" stopped="0" meanWaitingTime="0.00" meanTravelTime="-1.00" meanSpeed="11.02" meanSpeedRelative="0.79" duration="227460387"/>
    <step time="76.00" loaded="211" inserted="78" running="78" waiting="0" ended="0" arrived="0" collisions="0" teleports="0" halting="7" stopped="0" meanWaitingTime="0.00" meanTravelTime="-1.00" meanSpeed="10.91" meanSpeedRelative="0.79" duration="227460388"/>
    <step time="77.00" loaded="211" inserted="78" running="78" waiting="0" ended="0" arrived="0" collisions="0" teleports="0" halting="7" stopped="0" meanWaitingTime="0.00" meanTravelTime="-1.00" meanSpeed="10.85" meanSpeedRelative="0.78" duration="227460389"/>
    <step time="78.00" loaded="211" inserted="84" running="84" waiting="0" ended="0" arrived="0" collisions="0" teleports="0" halting="14" stopped="0" meanWaitingTime="0.00" meanTravelTime="-1.00" meanSpeed="10.19" meanSpeedRelative="0.73" duration="227460390"/>
    <step time="79.00" loaded="211" inserted="84" running="84" waiting="0" ended="0" arrived="0" collisions="0" teleports="0" halting="9" stopped="0" meanWaitingTime="0.00" meanTravelTime="-1.00" meanSpeed="10.35" meanSpeedRelative="0.75" duration="227460391"/>
    <step time="80.00" loaded="211" inserted="84" running="84" waiting="0" ended="0" arrived="0" collisions="0" teleports="0" halting="11" stopped="0" meanWaitingTime="0.00" meanTravelTime="-1.00" meanSpeed="10.45" meanSpeedRelative="0.75" duration="227460392"/>
    <step time="81.00" loaded="211" inserted="84" running="84" waiting="0" ended="0" arrived="0" collisions="0" teleports="0" halting="11" stopped="0" meanWaitingTime="0.00" meanTravelTime="-1.00" meanSpeed="10.59" meanSpeedRelative="0.76" duration="227460393"/>
    <step time="82.00" loaded="211" inserted="84" running="84" waiting="0" ended="0" arrived="0" collisions="0" teleports="0" halting="11" stopped="0" meanWaitingTime="0.00" meanTravelTime="-1.00" meanSpeed="10.66" meanSpeedRelative="0.77" duration="227460395"/>
    <step time="83.00" loaded="211" inserted="84" running="84" waiting="0" ended="0" arrived="0" collisions="0" teleports="0" halting="11" stopped="0" meanWaitingTime="0.00" meanTravelTime="-1.00" meanSpeed="10.72" meanSpeedRelative="0.77" duration="227460397"/>
    <step time="84.00" loaded="211" inserted="90" running="90" waiting="0" ended="0" arrived="0" collisions="0" teleports="0" halting="18" stopped="0" meanWaitingTime="0.00" meanTravelTime="-1.00" meanSpeed="10.09" meanSpeedRelative="0.73" duration="227460400"/>
    <step time="85.00" loaded="211" inserted="90" running="90" waiting="0" ended="0" arrived="0" collisions="0" teleports="0" halting="12" stopped="0" meanWaitingTime="0.00" meanTravelTime="-1.00" meanSpeed="10.27" meanSpeedRelative="0.74" duration="227460404"/>
    <step time="86.00" loaded="211" inserted="90" running="90" waiting="0" ended="0" arrived="0" collisions="0" teleports="0" halting="12" stopped="0" meanWaitingTime="0.00" meanTravelTime="-1.00" meanSpeed="10.39" meanSpeedRelative="0.75" duration="227460405"/>
    <step time="87.00" loaded="211" inserted="90" running="90" waiting="0" ended="0" arrived="0" collisions="0" teleports="0" halting="12" stopped="0" meanWaitingTime="0.00" meanTravelTime="-1.00" meanSpeed="10.34" meanSpeedRelative="0.74" duration="227460407"/>
    <step time="88.00" loaded="211" inserted="90" running="90" waiting="0" ended="0" arrived="0" collisions="0" teleports="0" halting="12" stopped="0" meanWaitingTime="0.00" meanTravelTime="-1.00" meanSpeed="10.45" meanSpeedRelative="0.75" duration="227460408"/>
    <step time="89.00" loaded="211" inserted="90" running="89" waiting="0" ended="1" arrived="1" collisions="0" teleports="0" halting="12" stopped="0" meanWaitingTime="0.00" meanTravelTime="89.00" meanSpeed="10.39" meanSpeedRelative="0.75" duration="227460409"/>
    <step time="90.00" loaded="211" inserted="96" running="95" waiting="0" ended="1" arrived="1" collisions="0" teleports="0" halting="14" stopped="0" meanWaitingTime="0.00" meanTravelTime="89.00" meanSpeed="9.88" meanSpeedRelative="0.71" duration="227460410"/>
    <step time="91.00" loaded="211" inserted="96" running="95" waiting="0" ended="1" arrived="1" collisions="0" teleports="0" halting="6" stopped="0" meanWaitingTime="0.00" meanTravelTime="89.00" meanSpeed="10.12" meanSpeedRelative="0.73" duration="227460411"/>
    <step time="92.00" loaded="211" inserted="96" running="95" waiting="0" ended="1" arrived="1" collisions="0" teleports="0" halting="4" stopped="0" meanWaitingTime="0.00" meanTravelTime="89.00" meanSpeed="10.34" meanSpeedRelative="0.74" duration="227460412"/>
    <step time="93.00" loaded="211" inserted="96" running="95" waiting="0" ended="1" arrived="1" collisions="0" teleports="0" halting="7" stopped="0" meanWaitingTime="0.00" meanTravelTime="89.00" meanSpeed="10.64" meanSpeedRelative="0.77" duration="227460413"/>
    <step time="94.00" loaded="211" inserted="96" running="95" waiting="0" ended="1" arrived="1" collisions="0" teleports="0" halting="8" stopped="0" meanWaitingTime="0.00" meanTravelTime="89.00" meanSpeed="10.92" meanSpeedRelative="0.79" duration="227460419"/>
    <step time="95.00" loaded="211" inserted="96" running="95" waiting="0" ended="1" arrived="1" collisions="0" teleports="0" halting="7" stopped="0" meanWaitingTime="0.00" meanTravelTime="89.00" meanSpeed="11.02" meanSpeedRelative="0.79" duration="227460421"/>
    <step time="96.00" loaded="211" inserted="102" running="101" waiting="0" ended="1" arrived="1" collisions="0" teleports="0" halting="12" stopped="0" meanWaitingTime="0.00" meanTravelTime="89.00" meanSpeed="10.53" meanSpeedRelative="0.76" duration="227460422"/>
    <step time="97.00" loaded="211" inserted="102" running="101" waiting="0" ended="1" arrived="1" collisions="0" teleports="0" halting="6" stopped="0" meanWaitingTime="0.00" meanTravelTime="89.00" meanSpeed="10.77" meanSpeedRelative="0.78" duration="227460423"/>
    <step time="98.00" loaded="211" inserted="102" running="101" waiting="0" ended="1" arrived="1" collisions="0" teleports="0" halting="6" stopped="0" meanWaitingTime="0.00" meanTravelTime="89.00" meanSpeed="10.87" meanSpeedRelative="0.78" duration="227460424"/>
    <step time="99.00" loaded="211" inserted="102" running="101" waiting="0" ended="1" arrived="1" collisions="0" teleports="0" halting="7" stopped="0" meanWaitingTime="0.00" meanTravelTime="89.00" meanSpeed="11.06" meanSpeedRelative="0.80" duration="227460425"/>
    <step time="100.00" loaded="211" inserted="102" running="101" waiting="0" ended="1" arrived="1" collisions="0" teleports="0" halting="7" stopped="0" meanWaitingTime="0.00" meanTravelTime="89.00" meanSpeed="11.27" meanSpeedRelative="0.81" duration="227460427"/>
    <step time="101.00" loaded="211" inserted="102" running="101" waiting="0" ended="1" arrived="1" collisions="0" teleports="0" halting="8" stopped="0" meanWaitingTime="0.00" meanTravelTime="89.00" meanSpeed="11.58" meanSpeedRelative="0.83" duration="227460429"/>
    <step time="102.00" loaded="211" inserted="108" running="107" waiting="0" ended="1" arrived="1" collisions="0" teleports="0" halting="14" stopped="0" meanWaitingTime="0.00" meanTravelTime="89.00" meanSpeed="11.01" meanSpeedRelative="0.79" duration="227460433"/>
    <step time="103.00" loaded="211" inserted="108" running="107" waiting="0" ended="1" arrived="1" collisions="0" teleports="0" halting="8" stopped="0" meanWaitingTime="0.00" meanTravelTime="89.00" meanSpeed="11.16" meanSpeedRelative="0.80" duration="227460436"/>
    <step time="104.00" loaded="211" inserted="108" running="106" waiting="0" ended="2" arrived="2" collisions="0" teleports="0" halting="8" stopped="0" meanWaitingTime="0.00" meanTravelTime="84.50" meanSpeed="11.24" meanSpeedRelative="0.81" duration="227460438"/>
    <step time="105.00" loaded="211" inserted="108" running="106" waiting="0" ended="2" arrived="2" collisions="0" teleports="0" halting="8" stopped="0" meanWaitingTime="0.00" meanTravelTime="84.50" meanSpeed="11.28" meanSpeedRelative="0.81" duration="227460439"/>
    <step time="106.00" loaded="211" inserted="108" running="106" waiting="0" ended="2" arrived="2" collisions="0" teleports="0" halting="9" stopped="0" meanWaitingTime="0.00" meanTravelTime="84.50" meanSpeed="11.30" meanSpeedRelative="0.81" duration="227460440"/>
    <step time="107.00" loaded="211" inserted="108" running="104" waiting="0" ended="4" arrived="4" collisions="0" teleports="0" halting="9" stopped="0" meanWaitingTime="0.00" meanTravelTime="76.25" meanSpeed="11.38" meanSpeedRelative="0.82" duration="227460441"/>
    <step time="108.00" loaded="211" inserted="114" running="110" waiting="0" ended="4" arrived="4" collisions="0" teleports="0" halting="15" stopped="0" meanWaitingTime="0.00" meanTravelTime="76.25" meanSpeed="10.74" meanSpeedRelative="0.77" duration="227460442"/>
    <step time="109.00" loaded="211" inserted="114" running="109" waiting="0" ended="5" arrived="5" collisions="0" teleports="0" halting="10" stopped="0" meanWaitingTime="0.00" meanTravelTime="82.80" meanSpeed="10.84" meanSpeedRelative="0.78" duration="227460443"/>
    <step time="110.00" loaded="211" inserted="114" running="108" waiting="0" ended="6" arrived="6" collisions="0" teleports="0" halting="10" stopped="0" meanWaitingTime="0.00" meanTravelTime="80.33" meanSpeed="10.86" meanSpeedRelative="0.78" duration="227460444"/>
    <step time="111.00" loaded="211" inserted="114" running="108" waiting="0" ended="6" arrived="6" collisions="0" teleports="0" halting="12" stopped="0" meanWaitingTime="0.00" meanTravelTime="80.33" meanSpeed="10.77" meanSpeedRelative="0.78" duration="227460445"/>
    <step time="112.00" loaded="211" inserted="114" running="108" waiting="0" ended="6" arrived="6" collisions="0" teleports="0" halting="12" stopped="0" meanWaitingTime="0.00" meanTravelTime="80.33" meanSpeed="10.73" meanSpeedRelative="0.77" duration="227460447"/>
    <step time="113.00" loaded="211" inserted="114" running="108" waiting="0" ended="6" arrived="6" collisions="0" teleports="0" halting="12" stopped="0" meanWaitingTime="0.00" meanTravelTime="80.33" meanSpeed="10.60" meanSpeedRelative="0.76" duration="227460451"/>
    <step time="114.00" loaded="211" inserted="120" running="113" waiting="0" ended="7" arrived="7" collisions="0" teleports="0" halting="18" stopped="0" meanWaitingTime="0.00" meanTravelTime="80.00" meanSpeed="10.00" meanSpeedRelative="0.72" duration="227460452"/>
    <step time="115.00" loaded="211" inserted="120" running="113" waiting="0" ended="7" arrived="7" collisions="0" teleports="0" halting="14" stopped="0" meanWaitingTime="0.00" meanTravelTime="80.00" meanSpeed="10.02" meanSpeedRelative="0.72" duration="227460456"/>
    <step time="116.00" loaded="211" inserted="120" running="113" waiting="0" ended="7" arrived="7" collisions="0" teleports="0" halting="14" stopped="0" meanWaitingTime="0.00" meanTravelTime="80.00" meanSpeed="10.11" meanSpeedRelative="0.73" duration="227460457"/>
    <step time="117.00" loaded="211" inserted="120" running="113" waiting="0" ended="7" arrived="7" collisions="0" teleports="0" halting="15" stopped="0" meanWaitingTime="0.00" meanTravelTime="80.00" meanSpeed="10.11" meanSpeedRelative="0.73" duration="227460458"/>
    <step time="118.00" loaded="211" inserted="120" running="113" waiting="0" ended="7" arrived="7" collisions="0" teleports="0" halting="15" stopped="0" meanWaitingTime="0.00" meanTravelTime="80.00" meanSpeed="10.14" meanSpeedRelative="0.73" duration="227460459"/>
    <step time="119.00" loaded="211" inserted="120" running="113" waiting="0" ended="7" arrived="7" collisions="0" teleports="0" halting="18" stopped="0" meanWaitingTime="0.00" meanTravelTime="80.00" meanSpeed="10.20" meanSpeedRelative="0.73" duration="227460460"/>
    <step time="120.00" loaded="211" inserted="126" running="119" waiting="0" ended="7" arrived="7" collisions="0" teleports="0" halting="22" stopped="0" meanWaitingTime="0.00" meanTravelTime="80.00" meanSpeed="9.70" meanSpeedRelative="0.70" duration="227460461"/>
    <step time="121.00" loaded="211" inserted="126" running="119" waiting="0" ended="7" arrived="7" collisions="0" teleports="0" halting="13" stopped="0" meanWaitingTime="0.00" meanTravelTime="80.00" meanSpeed="9.83" meanSpeedRelative="0.71" duration="227460462"/>
    <step time="122.00" loaded="211" inserted="126" running="119" waiting="0" ended="7" arrived="7" collisions="0" teleports="0" halting="13" stopped="0" meanWaitingTime="0.00" meanTravelTime="80.00" meanSpeed="10.08" meanSpeedRelative="0.73" duration="227460465"/>
    <step time="123.00" loaded="211" inserted="126" running="119" waiting="0" ended="7" arrived="7" collisions="0" teleports="0" halting="13" stopped="0" meanWaitingTime="0.00" meanTravelTime="80.00" meanSpeed="10.27" meanSpeedRelative="0.74" duration="227460467"/>
    <step time="124.00" loaded="211" inserted="126" running="119" waiting="0" ended="7" arrived="7" collisions="0" teleports="0" halting="14" stopped="0" meanWaitingTime="0.00" meanTravelTime="80.00" meanSpeed="10.63" meanSpeedRelative="0.76" duration="227460468"/>
    <step time="125.00" loaded="211" inserted="126" running="119" waiting="0" ended="7" arrived="7" collisions="0" teleports="0" halting="15" stopped="0" meanWaitingTime="0.00" meanTravelTime="80.00" meanSpeed="10.75" meanSpeedRelative="0.77" duration="227460470"/>
    <step time="126.00" loaded="211" inserted="132" running="125" waiting="0" ended="7" arrived="7" collisions="0" teleports="0" halting="21" stopped="0" meanWaitingTime="0.00" meanTravelTime="80.00" meanSpeed="10.38" meanSpeedRelative="0.75" duration="227460473"/>
    <step time="127.00" loaded="211" inserted="132" running="125" waiting="0" ended="7" arrived="7" collisions="0" teleports="0" halting="15" stopped="0" meanWaitingTime="0.00" meanTravelTime="80.00" meanSpeed="10.44" meanSpeedRelative="0.75" duration="227460474"/>
    <step time="128.00" loaded="211" inserted="132" running="125" waiting="0" ended="7" arrived="7" collisions="0" teleports="0" halting="15" stopped="0" meanWaitingTime="0.00" meanTravelTime="80.00" meanSpeed="10.54" meanSpeedRelative="0.76" duration="227460475"/>
    <step time="129.00" loaded="211" inserted="132" running="125" waiting="0" ended="7" arrived="7" collisions="0" teleports="0" halting="17" stopped="0" meanWaitingTime="0.00" meanTravelTime="80.00" meanSpeed="10.52" meanSpeedRelative="0.76" duration="227460476"/>
    <step time="130.00" loaded="211" inserted="132" running="125" waiting="0" ended="7" arrived="7" collisions="0" teleports="0" halting="18" stopped="0" meanWaitingTime="0.00" meanTravelTime="80.00" meanSpeed="10.55" meanSpeedRelative="0.76" duration="227460477"/>
    <step time="131.00" loaded="211" inserted="132" running="125" waiting="0" ended="7" arrived="7" collisions="0" teleports="0" halting="19" stopped="0" meanWaitingTime="0.00" meanTravelTime="80.00" meanSpeed="10.62" meanSpeedRelative="0.76" duration="227460479"/>
    <step time="132.00" loaded="211" inserted="138" running="131" waiting="0" ended="7" arrived="7" collisions="0" teleports="0" halting="25" stopped="0" meanWaitingTime="0.00" meanTravelTime="80.00" meanSpeed="10.18" meanSpeedRelative="0.73" duration="227460482"/>
    <step time="133.00" loaded="211" inserted="138" running="131" waiting="0" ended="7" arrived="7" collisions="0" teleports="0" halting="19" stopped="0" meanWaitingTime="0.00" meanTravelTime="80.00" meanSpeed="10.33" meanSpeedRelative="0.74" duration="227460486"/>
    <step time="134.00" loaded="211" inserted="138" running="130" waiting="0" ended="8" arrived="8" collisions="0" teleports="0" halting="19" stopped="0" meanWaitingTime="0.00" meanTravelTime="86.00" meanSpeed="10.40" meanSpeedRelative="0.75" duration="227460487"/>
    <step time="135.00" loaded="211" inserted="138" running="130" waiting="0" ended="8" arrived="8" collisions="0" teleports="0" halting="13" stopped="0" meanWaitingTime="0.00" meanTravelTime="86.00" meanSpeed="10.55" meanSpeedRelative="0.76" duration="227460489"/>
    <step time="136.00" loaded="211" inserted="138" running="130" waiting="0" ended="8" arrived="8" collisions="0" teleports="0" halting="13" stopped="0" meanWaitingTime="0.00" meanTravelTime="86.00" meanSpeed="10.71" meanSpeedRelative="0.77" duration="227460491"/>
    <step time="137.00" loaded="211" inserted="138" running="130" waiting="0" ended="8" arrived="8" collisions="0" teleports="0" halting="13" stopped="0" meanWaitingTime="0.00" meanTravelTime="86.00" meanSpeed="10.64" meanSpeedRelative="0.77" duration="227460494"/>
    <step time="138.00" loaded="211" inserted="144" running="136" waiting="0" ended="8" arrived="8" collisions="0" teleports="0" halting="20" stopped="0" meanWaitingTime="0.00" meanTravelTime="86.00" meanSpeed="10.07" meanSpeedRelative="0.73" duration="227460495"/>
    <step time="139.00" loaded="211" inserted="144" running="136" waiting="0" ended="8" arrived="8" collisions="0" teleports="0" halting="15" stopped="0" meanWaitingTime="0.00" meanTravelTime="86.00" meanSpeed="10.07" meanSpeedRelative="0.72" duration="227460498"/>
    <step time="140.00" loaded="211" inserted="144" running="136" waiting="0" ended="8" arrived="8" collisions="0" teleports="0" halting="14" stopped="0" meanWaitingTime="0.00" meanTravelTime="86.00" meanSpeed="10.24" meanSpeedRelative="0.74" duration="227460501"/>
    <step time="141.00" loaded="211" inserted="144" running="136" waiting="0" ended="8" arrived="8" collisions="0" teleports="0" halting="11" stopped="0" meanWaitingTime="0.00" meanTravelTime="86.00" meanSpeed="10.45" meanSpeedRelative="0.75" duration="227460503"/>
    <step time="142.00" loaded="211" inserted="144" running="136" waiting="0" ended="8" arrived="8" collisions="0" teleports="0" halting="9" stopped="0" meanWaitingTime="0.00" meanTravelTime="86.00" meanSpeed="10.70" meanSpeedRelative="0.77" duration="227460504"/>
    <step time="143.00" loaded="211" inserted="144" running="136" waiting="0" ended="8" arrived="8" collisions="0" teleports="0" halting="11" stopped="0" meanWaitingTime="0.00" meanTravelTime="86.00" meanSpeed="10.86" meanSpeedRelative="0.78" duration="227460505"/>
    <step time="144.00" loaded="211" inserted="150" running="142" waiting="0" ended="8" arrived="8" collisions="0" teleports="0" halting="18" stopped="0" meanWaitingTime="0.00" meanTravelTime="86.00" meanSpeed="10.39" meanSpeedRelative="0.75" duration="227460507"/>
    <step time="145.00" loaded="211" inserted="150" running="141" waiting="0" ended="9" arrived="9" collisions="0" teleports="0" halting="12" stopped="0" meanWaitingTime="0.00" meanTravelTime="86.56" meanSpeed="10.52" meanSpeedRelative="0.76" duration="227460508"/>
    <step time="146.00" loaded="211" inserted="150" running="141" waiting="0" ended="9" arrived="9" collisions="0" teleports="0" halting="14" stopped="0" meanWaitingTime="0.00" meanTravelTime="86.56" meanSpeed="10.75" meanSpeedRelative="0.77" duration="227460510"/>
    <step time="147.00" loaded="211" inserted="150" running="141" waiting="0" ended="9" arrived="9" collisions="0" teleports="0" halting="14" stopped="0" meanWaitingTime="0.00" meanTravelTime="86.56" meanSpeed="10.80" meanSpeedRelative="0.78" duration="227460514"/>
    <step time="148.00" loaded="211" inserted="150" running="141" waiting="0" ended="9" arrived="9" collisions="0" teleports="0" halting="15" stopped="0" meanWaitingTime="0.00" meanTravelTime="86.56" meanSpeed="10.88" meanSpeedRelative="0.78" duration="227460517"/>
    <step time="149.00" loaded="211" inserted="150" running="140" waiting="0" ended="10" arrived="10" collisions="0" teleports="0" halting="16" stopped="0" meanWaitingTime="0.00" meanTravelTime="86.20" meanSpeed="10.98" meanSpeedRelative="0.79" duration="227460519"/>
    <step time="150.00" loaded="211" inserted="156" running="145" waiting="0" ended="11" arrived="11" collisions="0" teleports="0" halting="22" stopped="0" meanWaitingTime="0.00" meanTravelTime="89.82" meanSpeed="10.52" meanSpeedRelative="0.76" duration="227460520"/>
    <step time="151.00" loaded="211" inserted="156" running="145" waiting="0" ended="11" arrived="11" collisions="0" teleports="0" halting="17" stopped="0" meanWaitingTime="0.00" meanTravelTime="89.82" meanSpeed="10.58" meanSpeedRelative="0.76" duration="227460522"/>
    <step time="152.00" loaded="211" inserted="156" running="144" waiting="0" ended="12" arrived="12" collisions="0" teleports="0" halting="17" stopped="0" meanWaitingTime="0.00" meanTravelTime="92.50" meanSpeed="10.63" meanSpeedRelative="0.77" duration="227460523"/>
    <step time="153.00" loaded="211" inserted="156" running="144" waiting="0" ended="12" arrived="12" collisions="0" teleports="0" halting="18" stopped="0" meanWaitingTime="0.00" meanTravelTime="92.50" meanSpeed="10.55" meanSpeedRelative="0.76" duration="227460525"/>
    <step time="154.00" loaded="211" inserted="156" running="143" waiting="0" ended="13" arrived="13" collisions="0" teleports="0" halting="19" stopped="0" meanWaitingTime="0.00" meanTravelTime="96.31" meanSpeed="10.50" meanSpeedRelative="0.76" duration="227460526"/>
    <step time="155.00" loaded="211" inserted="156" running="143" waiting="0" ended="13" arrived="13" collisions="0" teleports="0" halting="20" stopped="0" meanWaitingTime="0.00" meanTravelTime="96.31" meanSpeed="10.50" meanSpeedRelative="0.76" duration="227460528"/>
    <step time="156.00" loaded="211" inserted="162" running="149" waiting="0" ended="13" arrived="13" collisions="0" teleports="0" halting="26" stopped="0" meanWaitingTime="0.00" meanTravelTime="96.31" meanSpeed="10.19" meanSpeedRelative="0.73" duration="227460529"/>
    <step time="157.00" loaded="211" inserted="162" running="148" waiting="0" ended="14" arrived="14" collisions="0" teleports="0" halting="19" stopped="0" meanWaitingTime="0.00" meanTravelTime="97.21" meanSpeed="10.42" meanSpeedRelative="0.75" duration="227460532"/>
    <step time="158.00" loaded="211" inserted="162" running="148" waiting="0" ended="14" arrived="14" collisions="0" teleports="0" halting="21" stopped="0" meanWaitingTime="0.00" meanTravelTime="97.21" meanSpeed="10.51" meanSpeedRelative="0.76" duration="227460534"/>
    <step time="159.00" loaded="211" inserted="162" running="148" waiting="0" ended="14" arrived="14" collisions="0" teleports="0" halting="22" stopped="0" meanWaitingTime="0.00" meanTravelTime="97.21" meanSpeed="10.53" meanSpeedRelative="0.76" duration="227460536"/>
    <step time="160.00" loaded="211" inserted="162" running="148" waiting="0" ended="14" arrived="14" collisions="0" teleports="0" halting="18" stopped="0" meanWaitingTime="0.00" meanTravelTime="97.21" meanSpeed="10.59" meanSpeedRelative="0.76" duration="227460537"/>
    <step time="161.00" loaded="211" inserted="162" running="147" waiting="0" ended="15" arrived="15" collisions="0" teleports="0" halting="16" stopped="0" meanWaitingTime="0.00" meanTravelTime="97.87" meanSpeed="10.71" meanSpeedRelative="0.77" duration="227460538"/>
    <step time="162.00" loaded="211" inserted="168" running="152" waiting="0" ended="16" arrived="16" collisions="0" teleports="0" halting="21" stopped="0" meanWaitingTime="0.00" meanTravelTime="99.62" meanSpeed="10.31" meanSpeedRelative="0.74" duration="227460539"/>
    <step time="163.00" loaded="211" inserted="168" running="152" waiting="0" ended="16" arrived="16" collisions="0" teleports="0" halting="15" stopped="0" meanWaitingTime="0.00" meanTravelTime="99.62" meanSpeed="10.46" meanSpeedRelative="0.75" duration="227460541"/>
    <step time="164.00" loaded="211" inserted="168" running="151" waiting="0" ended="17" arrived="17" collisions="0" teleports="0" halting="15" stopped="0" meanWaitingTime="0.00" meanTravelTime="102.71" meanSpeed="10.63" meanSpeedRelative="0.77" duration="227460542"/>
    <step time="165.00" loaded="211" inserted="168" running="151" waiting="0" ended="17" arrived="17" collisions="0" teleports="0" halting="14" stopped="0" meanWaitingTime="0.00" meanTravelTime="102.71" meanSpeed="10.88" meanSpeedRelative="0.78" duration="227460544"/>
    <step time="166.00" loaded="211" inserted="168" running="151" waiting="0" ended="17" arrived="17" collisions="0" teleports="0" halting="14" stopped="0" meanWaitingTime="0.00" meanTravelTime="102.71" meanSpeed="11.09" meanSpeedRelative="0.80" duration="227460545"/>
    <step time="167.00" loaded="211" inserted="168" running="150" waiting="0" ended="18" arrived="18" collisions="0" teleports="0" halting="14" stopped="0" meanWaitingTime="0.00" meanTravelTime="103.28" meanSpeed="11.12" meanSpeedRelative="0.80" duration="227460548"/>
    <step time="168.00" loaded="211" inserted="174" running="153" waiting="0" ended="21" arrived="21" collisions="0" teleports="0" halting="21" stopped="0" meanWaitingTime="0.00" meanTravelTime="107.95" meanSpeed="10.70" meanSpeedRelative="0.77" duration="227460551"/>
    <step time="169.00" loaded="211" inserted="174" running="153" waiting="0" ended="21" arrived="21" collisions="0" teleports="0" halting="15" stopped="0" meanWaitingTime="0.00" meanTravelTime="107.95" meanSpeed="10.72" meanSpeedRelative="0.77" duration="227460554"/>
    <step time="170.00" loaded="211" inserted="174" running="150" waiting="0" ended="24" arrived="24" collisions="0" teleports="0" halting="15" stopped="0" meanWaitingTime="0.00" meanTravelTime="108.96" meanSpeed="10.61" meanSpeedRelative="0.76" duration="227460557"/>
    <step time="171.00" loaded="211" inserted="174" running="150" waiting="0" ended="24" arrived="24" collisions="0" teleports="0" halting="17" stopped="0" meanWaitingTime="0.00" meanTravelTime="108.96" meanSpeed="10.56" meanSpeedRelative="0.76" duration="227460558"/>
    <step time="172.00" loaded="211" inserted="174" running="150" waiting="0" ended="24" arrived="24" collisions="0" teleports="0" halting="19" stopped="0" meanWaitingTime="0.00" meanTravelTime="108.96" meanSpeed="10.51" meanSpeedRelative="0.76" duration="227460559"/>
    <step time="173.00" loaded="211" inserted="174" running="150" waiting="0" ended="24" arrived="24" collisions="0" teleports="0" halting="20" stopped="0" meanWaitingTime="0.00" meanTravelTime="108.96" meanSpeed="10.47" meanSpeedRelative="0.75" duration="227460561"/>
    <step time="174.00" loaded="211" inserted="180" running="155" waiting="0" ended="25" arrived="25" collisions="0" teleports="0" halting="27" stopped="0" meanWaitingTime="0.00" meanTravelTime="108.44" meanSpeed="10.07" meanSpeedRelative="0.72" duration="227460562"/>
    <step time="175.00" loaded="211" inserted="180" running="154" waiting="0" ended="26" arrived="26" collisions="0" teleports="0" halting="24" stopped="0" meanWaitingTime="0.00" meanTravelTime="109.62" meanSpeed="10.10" meanSpeedRelative="0.73" duration="227460565"/>
    <step time="176.00" loaded="211" inserted="180" running="154" waiting="0" ended="26" arrived="26" collisions="0" teleports="0" halting="25" stopped="0" meanWaitingTime="0.00" meanTravelTime="109.62" meanSpeed="10.23" meanSpeedRelative="0.74" duration="227460568"/>
    <step time="177.00" loaded="211" inserted="180" running="154" waiting="0" ended="26" arrived="26" collisions="0" teleports="0" halting="25" stopped="0" meanWaitingTime="0.00" meanTravelTime="109.62" meanSpeed="10.34" meanSpeedRelative="0.74" duration="227460569"/>
    <step time="178.00" loaded="211" inserted="180" running="154" waiting="0" ended="26" arrived="26" collisions="0" teleports="0" halting="25" stopped="0" meanWaitingTime="0.00" meanTravelTime="109.62" meanSpeed="10.42" meanSpeedRelative="0.75" duration="227460571"/>
    <step time="179.00" loaded="211" inserted="180" running="149" waiting="0" ended="31" arrived="31" collisions="0" teleports="0" halting="25" stopped="0" meanWaitingTime="0.00" meanTravelTime="109.19" meanSpeed="10.30" meanSpeedRelative="0.74" duration="227460572"/>
    <step time="180.00" loaded="211" inserted="186" running="154" waiting="0" ended="32" arrived="32" collisions="0" teleports="0" halting="21" stopped="0" meanWaitingTime="0.00" meanTravelTime="108.78" meanSpeed="9.99" meanSpeedRelative="0.72" duration="227460576"/>
    <step time="181.00" loaded="211" inserted="186" running="153" waiting="0" ended="33" arrived="33" collisions="0" teleports="0" halting="10" stopped="0" meanWaitingTime="0.00" meanTravelTime="110.79" meanSpeed="10.20" meanSpeedRelative="0.73" duration="227460578"/>
    <step time="182.00" loaded="211" inserted="186" running="152" waiting="0" ended="34" arrived="34" collisions="0" teleports="0" halting="9" stopped="0" meanWaitingTime="0.00" meanTravelTime="112.18" meanSpeed="10.45" meanSpeedRelative="0.75" duration="227460580"/>
    <step time="183.00" loaded="211" inserted="186" running="151" waiting="0" ended="35" arrived="35" collisions="0" teleports="0" halting="9" stopped="0" meanWaitingTime="0.00" meanTravelTime="111.11" meanSpeed="10.66" meanSpeedRelative="0.77" duration="227460586"/>
    <step time="184.00" loaded="211" inserted="186" running="150" waiting="0" ended="36" arrived="36" collisions="0" teleports="0" halting="12" stopped="0" meanWaitingTime="0.00" meanTravelTime="112.64" meanSpeed="10.77" meanSpeedRelative="0.78" duration="227460590"/>
    <step time="185.00" loaded="211" inserted="186" running="149" waiting="0" ended="37" arrived="37" collisions="0" teleports="0" halting="12" stopped="0" meanWaitingTime="0.00" meanTravelTime="111.51" meanSpeed="10.87" meanSpeedRelative="0.78" duration="227460594"/>
    <step time="186.00" loaded="211" inserted="192" running="155" waiting="0" ended="37" arrived="37" collisions="0" teleports="0" halting="20" stopped="0" meanWaitingTime="0.00" meanTravelTime="111.51" meanSpeed="10.63" meanSpeedRelative="0.77" duration="227460598"/>
    <step time="187.00" loaded="211" inserted="192" running="153" waiting="0" ended="39" arrived="39" collisions="0" teleports="0" halting="13" stopped="0" meanWaitingTime="0.00" meanTravelTime="112.00" meanSpeed="10.75" meanSpeedRelative="0.77" duration="227460602"/>
    <step time="188.00" loaded="211" inserted="192" running="153" waiting="0" ended="39" arrived="39" collisions="0" teleports="0" halting="13" stopped="0" meanWaitingTime="0.00" meanTravelTime="112.00" meanSpeed="10.91" meanSpeedRelative="0.79" duration="227460604"/>
    <step time="189.00" loaded="211" inserted="192" running="152" waiting="0" ended="40" arrived="40" collisions="0" teleports="0" halting="13" stopped="0" meanWaitingTime="0.00" meanTravelTime="111.53" meanSpeed="11.09" meanSpeedRelative="0.80" duration="227460605"/>
    <step time="190.00" loaded="211" inserted="192" running="152" waiting="0" ended="40" arrived="40" collisions="0" teleports="0" halting="13" stopped="0" meanWaitingTime="0.00" meanTravelTime="111.53" meanSpeed="11.16" meanSpeedRelative="0.80" duration="227460607"/>
    <step time="191.00" loaded="211" inserted="192" running="151" waiting="0" ended="41" arrived="41" collisions="0" teleports="0" halting="12" stopped="0" meanWaitingTime="0.00" meanTravelTime="113.46" meanSpeed="11.23" meanSpeedRelative="0.81" duration="227460608"/>
    <step time="192.00" loaded="211" inserted="198" running="155" waiting="0" ended="43" arrived="43" collisions="0" teleports="0" halting="19" stopped="0" meanWaitingTime="0.00" meanTravelTime="114.60" meanSpeed="10.87" meanSpeedRelative="0.78" duration="227460610"/>
    <step time="193.00" loaded="211" inserted="198" running="154" waiting="0" ended="44" arrived="44" collisions="0" teleports="0" halting="13" stopped="0" meanWaitingTime="0.00" meanTravelTime="113.66" meanSpeed="11.01" meanSpeedRelative="0.79" duration="227460611"/>
    <step time="194.00" loaded="211" inserted="198" running="154" waiting="0" ended="44" arrived="44" collisions="0" teleports="0" halting="14" stopped="0" meanWaitingTime="0.00" meanTravelTime="113.66" meanSpeed="11.14" meanSpeedRelative="0.80" duration="227460612"/>
    <step time="195.00" loaded="211" inserted="198" running="153" waiting="0" ended="45" arrived="45" collisions="0" teleports="0" halting="14" stopped="0" meanWaitingTime="0.00" meanTravelTime="115.47" meanSpeed="11.21" meanSpeedRelative="0.81" duration="227460615"/>
    <step time="196.00" loaded="211" inserted="198" running="152" waiting="0" ended="46" arrived="46" collisions="0" teleports="0" halting="15" stopped="0" meanWaitingTime="0.00" meanTravelTime="117.09" meanSpeed="11.33" meanSpeedRelative="0.82" duration="227460617"/>
    <step time="197.00" loaded="211" inserted="198" running="149" waiting="0" ended="49" arrived="49" collisions="0" teleports="0" halting="15" stopped="0" meanWaitingTime="0.00" meanTravelTime="118.92" meanSpeed="11.30" meanSpeedRelative="0.81" duration="227460618"/>
    <step time="198.00" loaded="211" inserted="204" running="154" waiting="0" ended="50" arrived="50" collisions="0" teleports="0" halting="20" stopped="0" meanWaitingTime="0.00" meanTravelTime="119.06" meanSpeed="10.88" meanSpeedRelative="0.78" duration="227460619"/>
    <step time="199.00" loaded="211" inserted="204" running="154" waiting="0" ended="50" arrived="50" collisions="0" teleports="0" halting="13" stopped="0" meanWaitingTime="0.00" meanTravelTime="119.06" meanSpeed="10.81" meanSpeedRelative="0.78" duration="227460621"/>
    <step time="200.00" loaded="211" inserted="204" running="154" waiting="0" ended="50" arrived="50" collisions="0" teleports="0" halting="10" stopped="0" meanWaitingTime="0.00" meanTravelTime="119.06" meanSpeed="10.87" meanSpeedRelative="0.78" duration="227460622"/>
    <step time="201.00" loaded="211" inserted="204" running="151" waiting="0" ended="53" arrived="53" collisions="0" teleports="0" halting="10" stopped="0" meanWaitingTime="0.00" meanTravelTime="117.36" meanSpeed="10.98" meanSpeedRelative="0.79" duration="227460623"/>
    <step time="202.00" loaded="211" inserted="204" running="150" waiting="0" ended="54" arrived="54" collisions="0" teleports="0" halting="9" stopped="0" meanWaitingTime="0.00" meanTravelTime="118.04" meanSpeed="11.08" meanSpeedRelative="0.80" duration="227460625"/>
    <step time="203.00" loaded="211" inserted="204" running="150" waiting="0" ended="54" arrived="54" collisions="0" teleports="0" halting="8" stopped="0" meanWaitingTime="0.00" meanTravelTime="118.04" meanSpeed="11.33" meanSpeedRelative="0.82" duration="227460626"/>
    <step time="204.00" loaded="211" inserted="210" running="155" waiting="0" ended="55" arrived="55" collisions="0" teleports="0" halting="16" stopped="0" meanWaitingTime="0.00" meanTravelTime="118.73" meanSpeed="11.07" meanSpeedRelative="0.80" duration="227460627"/>
    <step time="205.00" loaded="211" inserted="210" running="153" waiting="0" ended="57" arrived="57" collisions="0" teleports="0" halting="10" stopped="0" meanWaitingTime="0.00" meanTravelTime="119.12" meanSpeed="11.25" meanSpeedRelative="0.81" duration="227460629"/>
    <step time="206.00" loaded="211" inserted="210" running="153" waiting="0" ended="57" arrived="57" collisions="0" teleports="0" halting="9" stopped="0" meanWaitingTime="0.00" meanTravelTime="119.12" meanSpeed="11.38" meanSpeedRelative="0.82" duration="227460630"/>
    <step time="207.00" loaded="211" inserted="210" running="153" waiting="0" ended="57" arrived="57" collisions="0" teleports="0" halting="9" stopped="0" meanWaitingTime="0.00" meanTravelTime="119.12" meanSpeed="11.50" meanSpeedRelative="0.83" duration="227460631"/>
    <step time="208.00" loaded="211" inserted="210" running="151" waiting="0" ended="59" arrived="59" collisions="0" teleports="0" halting="10" stopped="0" meanWaitingTime="0.00" meanTravelTime="119.90" meanSpeed="11.58" meanSpeedRelative="0.83" duration="227460633"/>
    <step time="209.00" loaded="211" inserted="210" running="150" waiting="0" ended="60" arrived="60" collisions="0" teleports="0" halting="11" stopped="0" meanWaitingTime="0.00" meanTravelTime="120.08" meanSpeed="11.60" meanSpeedRelative="0.84" duration="227460634"/>
    <step time="210.00" loaded="415" inserted="216" running="154" waiting="0" ended="62" arrived="62" collisions="0" teleports="0" halting="17" stopped="0" meanWaitingTime="0.00" meanTravelTime="119.21" meanSpeed="11.17" meanSpeedRelative="0.80" duration="227460635"/>
    <step time="211.00" loaded="415" inserted="216" running="152" waiting="0" ended="64" arrived="64" collisions="0" teleports="0" halting="12" stopped="0" meanWaitingTime="0.00" meanTravelTime="119.17" meanSpeed="11.21" meanSpeedRelative="0.81" duration="227460649"/>
    <step time="212.00" loaded="415" inserted="216" running="149" waiting="0" ended="67" arrived="67" collisions="0" teleports="0" halting="12" stopped="0" meanWaitingTime="0.00" meanTravelTime="119.21" meanSpeed="11.11" meanSpeedRelative="0.80" duration="227460650"/>
    <step time="213.00" loaded="415" inserted="216" running="148" waiting="0" ended="68" arrived="68" collisions="0" teleports="0" halting="13" stopped="0" meanWaitingTime="0.00" meanTravelTime="118.82" meanSpeed="11.18" meanSpeedRelative="0.81" duration="227460652"/>
    <step time="214.00" loaded="415" inserted="216" running="148" waiting="0" ended="68" arrived="68" collisions="0" teleports="0" halting="14" stopped="0" meanWaitingTime="0.00" meanTravelTime="118.82" meanSpeed="11.23" meanSpeedRelative="0.81" duration="227460653"/>
    <step time="215.00" loaded="415" inserted="216" running="148" waiting="0" ended="68" arrived="68" collisions="0" teleports="0" halting="15" stopped="0" meanWaitingTime="0.00" meanTravelTime="118.82" meanSpeed="11.18" meanSpeedRelative="0.80" duration="227460654"/>
    <step time="216.00" loaded="415" inserted="222" running="154" waiting="0" ended="68" arrived="68" collisions="0" teleports="0" halting="21" stopped="0" meanWaitingTime="0.00" meanTravelTime="118.82" meanSpeed="10.71" meanSpeedRelative="0.77" duration="227460656"/>
    <step time="217.00" loaded="415" inserted="222" running="153" waiting="0" ended="69" arrived="69" collisions="0" teleports="0" halting="15" stopped="0" meanWaitingTime="0.00" meanTravelTime="119.29" meanSpeed="10.78" meanSpeedRelative="0.78" duration="227460659"/>
    <step time="218.00" loaded="415" inserted="222" running="152" waiting="0" ended="70" arrived="70" collisions="0" teleports="0" halting="16" stopped="0" meanWaitingTime="0.00" meanTravelTime="120.53" meanSpeed="10.81" meanSpeedRelative="0.78" duration="227460662"/>
    <step time="219.00" loaded="415" inserted="222" running="150" waiting="0" ended="72" arrived="72" collisions="0" teleports="0" halting="17" stopped="0" meanWaitingTime="0.00" meanTravelTime="120.18" meanSpeed="10.90" meanSpeedRelative="0.79" duration="227460666"/>
    <step time="220.00" loaded="415" inserted="222" running="150" waiting="0" ended="72" arrived="72" collisions="0" teleports="0" halting="14" stopped="0" meanWaitingTime="0.00" meanTravelTime="120.18" meanSpeed="10.99" meanSpeedRelative="0.79" duration="227460668"/>
    <step time="221.00" loaded="415" inserted="222" running="149" waiting="0" ended="73" arrived="73" collisions="0" teleports="0" halting="13" stopped="0" meanWaitingTime="0.00" meanTravelTime="120.33" meanSpeed="10.98" meanSpeedRelative="0.79" duration="227460669"/>
    <step time="222.00" loaded="415" inserted="228" running="155" waiting="0" ended="73" arrived="73" collisions="0" teleports="0" halting="18" stopped="0" meanWaitingTime="0.00" meanTravelTime="120.33" meanSpeed="10.62" meanSpeedRelative="0.76" duration="227460671"/>
    <step time="223.00" loaded="415" inserted="228" running="155" waiting="0" ended="73" arrived="73" collisions="0" teleports="0" halting="11" stopped="0" meanWaitingTime="0.00" meanTravelTime="120.33" meanSpeed="10.78" meanSpeedRelative="0.78" duration="227460673"/>
    <step time="224.00" loaded="415" inserted="228" running="154" waiting="0" ended="74" arrived="74" collisions="0" teleports="0" halting="12" stopped="0" meanWaitingTime="0.00" meanTravelTime="120.92" meanSpeed="10.84" meanSpeedRelative="0.78" duration="227460675"/>
</summary>
