<flowdefs>
	<flow id="0" from="J0-W" begin="0" end="10800" number="1800"/>
	<flow id="1" from="J1-N" begin="0" end="10800" number="1800"/>
	<flow id="2" from="J1-W" begin="0" end="10800" number="1800"/>
	<flow id="3" from="J1-E" begin="0" end="10800" number="1800"/>
	<flow id="4" from="J2-W" begin="0" end="10800" number="1800"/>
	<flow id="5" from="J2-S" begin="0" end="10800" number="1800"/>
	<flow id="6" from="J2-E" begin="0" end="10800" number="1800"/>
	<flow id="7" from="J3-E" begin="0" end="10800" number="1800"/>
	<flow id="8" from="J4-N" begin="0" end="10800" number="1800"/>
	<flow id="9" from="J4-W" begin="0" end="10800" number="1800"/>
	<flow id="10" from="J4-E" begin="0" end="10800" number="1800"/>
	<flow id="11" from="J5-W" begin="0" end="10800" number="1800"/>
	<flow id="12" from="J5-S" begin="0" end="10800" number="1800"/>
	<flow id="13" from="J5-E" begin="0" end="10800" number="1800"/>
</flowdefs>