<?xml version="1.0" encoding="UTF-8"?>
<turns xmlns:xsi="http://www.w3.org/2001/XMLSchema-instance" xsi:noNamespaceSchemaLocation="http://sumo.dlr.de/xsd/turns_file.xsd">
	<interval begin="0" end="10800">
		<fromEdge id="J0-W">
			<toEdge id="J1-S" probability=".2"/>
			<toEdge id="J3-W" probability=".6"/>
			<toEdge id="J2-N" probability=".2"/>
		</fromEdge>
		<fromEdge id="J0-N">
			<toEdge id="gneE4" probability=".2"/>
			<toEdge id="J2-N" probability=".6"/>
			<toEdge id="J3-W" probability=".2"/>
		</fromEdge>
        <fromEdge id="J0-E">
			<toEdge id="J1-S" probability=".2"/>
			<toEdge id="gneE4" probability=".6"/>
			<toEdge id="J2-N" probability=".2"/>
		</fromEdge>
        <fromEdge id="J0-S">
			<toEdge id="gneE4" probability=".2"/>
			<toEdge id="J1-S" probability=".6"/>
			<toEdge id="J3-W" probability=".2"/>
		</fromEdge>
		<fromEdge id="J1-W">
			<toEdge id="J0-N" probability=".2"/>
			<toEdge id="gneE30" probability=".6"/>
			<toEdge id="gneE35" probability=".2"/>
		</fromEdge>
		<fromEdge id="J1-N">
			<toEdge id="gneE32" probability=".2"/>
			<toEdge id="J0-N" probability=".6"/>
			<toEdge id="gneE30" probability=".2"/>
		</fromEdge>
		<fromEdge id="J1-E">
			<toEdge id="J0-N" probability=".2"/>
			<toEdge id="gneE32" probability=".6"/>
			<toEdge id="gneE35" probability=".2"/>
		</fromEdge>
		<fromEdge id="J1-S">
			<toEdge id="gneE32" probability=".2"/>
			<toEdge id="gneE35" probability=".6"/>
			<toEdge id="gneE30" probability=".2"/>
		</fromEdge>
		<fromEdge id="J2-W">
			<toEdge id="J0-S" probability=".2"/>
			<toEdge id="gneE8" probability=".6"/>
			<toEdge id="gneE27" probability=".2"/>
		</fromEdge>
	</interval>
</turns>