<?xml version="1.0" encoding="UTF-8"?>

<!-- generated on 11/22/21 13:12:31 by Eclipse SUMO netedit Version 1.8.0
<configuration xmlns:xsi="http://www.w3.org/2001/XMLSchema-instance" xsi:noNamespaceSchemaLocation="http://sumo.dlr.de/xsd/netconvertConfiguration.xsd">

    <input>
        <sumo-net-file value="C:\Users\16542\Desktop\your_SCI\6nodes.net.xml"/>
    </input>

    <output>
        <output-file value="C:\Users\16542\Desktop\your_SCI\6nodes.net.xml"/>
    </output>

    <processing>
        <geometry.min-radius.fix.railways value="false"/>
        <geometry.max-grade.fix value="false"/>
        <offset.disable-normalization value="true"/>
        <lefthand value="false"/>
    </processing>

    <junctions>
        <no-turnarounds value="true"/>
        <junctions.corner-detail value="5"/>
        <junctions.limit-turn-speed value="5.5"/>
        <rectangular-lane-cut value="false"/>
    </junctions>

    <pedestrian>
        <walkingareas value="false"/>
    </pedestrian>

    <report>
        <aggregate-warnings value="5"/>
    </report>

</configuration>
-->

<net version="1.6" junctionCornerDetail="5" limitTurnSpeed="5.50" xmlns:xsi="http://www.w3.org/2001/XMLSchema-instance" xsi:noNamespaceSchemaLocation="http://sumo.dlr.de/xsd/net_file.xsd">

    <location netOffset="0.00,0.00" convBoundary="-600.00,-1100.00,900.00,900.00" origBoundary="-10000000000.00,-10000000000.00,10000000000.00,10000000000.00" projParameter="!"/>

    <edge id=":J0_0" function="internal">
        <lane id=":J0_0_0" index="0" speed="6.51" length="9.03" shape="-208.00,-86.40 -208.35,-88.85 -209.40,-90.60 -211.15,-91.65 -213.60,-92.00"/>
    </edge>
    <edge id=":J0_1" function="internal">
        <lane id=":J0_1_0" index="0" speed="13.89" length="27.20" shape="-204.80,-86.40 -204.80,-113.60"/>
    </edge>
    <edge id=":J0_2" function="internal">
        <lane id=":J0_2_0" index="0" speed="10.36" length="24.51" shape="-201.60,-86.40 -200.65,-93.05 -197.80,-97.80 -193.05,-100.65 -186.40,-101.60"/>
    </edge>
    <edge id=":J0_3" function="internal">
        <lane id=":J0_3_0" index="0" speed="6.51" length="9.03" shape="-186.40,-92.00 -188.85,-91.65 -190.60,-90.60 -191.65,-88.85 -192.00,-86.40"/>
    </edge>
    <edge id=":J0_4" function="internal">
        <lane id=":J0_4_0" index="0" speed="13.89" length="27.20" shape="-186.40,-95.20 -213.60,-95.20"/>
    </edge>
    <edge id=":J0_5" function="internal">
        <lane id=":J0_5_0" index="0" speed="10.36" length="24.51" shape="-186.40,-98.40 -193.05,-99.35 -197.80,-102.20 -200.65,-106.95 -201.60,-113.60"/>
    </edge>
    <edge id=":J0_6" function="internal">
        <lane id=":J0_6_0" index="0" speed="6.51" length="9.03" shape="-192.00,-113.60 -191.65,-111.15 -190.60,-109.40 -188.85,-108.35 -186.40,-108.00"/>
    </edge>
    <edge id=":J0_7" function="internal">
        <lane id=":J0_7_0" index="0" speed="13.89" length="27.20" shape="-195.20,-113.60 -195.20,-86.40"/>
    </edge>
    <edge id=":J0_8" function="internal">
        <lane id=":J0_8_0" index="0" speed="10.36" length="24.51" shape="-198.40,-113.60 -199.35,-106.95 -202.20,-102.20 -206.95,-99.35 -213.60,-98.40"/>
    </edge>
    <edge id=":J0_9" function="internal">
        <lane id=":J0_9_0" index="0" speed="6.51" length="9.03" shape="-213.60,-108.00 -211.15,-108.35 -209.40,-109.40 -208.35,-111.15 -208.00,-113.60"/>
    </edge>
    <edge id=":J0_10" function="internal">
        <lane id=":J0_10_0" index="0" speed="13.89" length="27.20" shape="-213.60,-104.80 -186.40,-104.80"/>
    </edge>
    <edge id=":J0_11" function="internal">
        <lane id=":J0_11_0" index="0" speed="10.36" length="24.51" shape="-213.60,-101.60 -206.95,-100.65 -202.20,-97.80 -199.35,-93.05 -198.40,-86.40"/>
    </edge>
    <edge id=":J1_0" function="internal">
        <lane id=":J1_0_0" index="0" speed="6.51" length="9.03" shape="-208.00,613.60 -208.35,611.15 -209.40,609.40 -211.15,608.35 -213.60,608.00"/>
    </edge>
    <edge id=":J1_1" function="internal">
        <lane id=":J1_1_0" index="0" speed="13.89" length="27.20" shape="-204.80,613.60 -204.80,586.40"/>
    </edge>
    <edge id=":J1_2" function="internal">
        <lane id=":J1_2_0" index="0" speed="10.36" length="24.51" shape="-201.60,613.60 -200.65,606.95 -197.80,602.20 -193.05,599.35 -186.40,598.40"/>
    </edge>
    <edge id=":J1_3" function="internal">
        <lane id=":J1_3_0" index="0" speed="6.51" length="9.03" shape="-186.40,608.00 -188.85,608.35 -190.60,609.40 -191.65,611.15 -192.00,613.60"/>
    </edge>
    <edge id=":J1_4" function="internal">
        <lane id=":J1_4_0" index="0" speed="13.89" length="27.20" shape="-186.40,604.80 -213.60,604.80"/>
    </edge>
    <edge id=":J1_5" function="internal">
        <lane id=":J1_5_0" index="0" speed="10.36" length="24.51" shape="-186.40,601.60 -193.05,600.65 -197.80,597.80 -200.65,593.05 -201.60,586.40"/>
    </edge>
    <edge id=":J1_6" function="internal">
        <lane id=":J1_6_0" index="0" speed="6.51" length="9.03" shape="-192.00,586.40 -191.65,588.85 -190.60,590.60 -188.85,591.65 -186.40,592.00"/>
    </edge>
    <edge id=":J1_7" function="internal">
        <lane id=":J1_7_0" index="0" speed="13.89" length="27.20" shape="-195.20,586.40 -195.20,613.60"/>
    </edge>
    <edge id=":J1_8" function="internal">
        <lane id=":J1_8_0" index="0" speed="10.36" length="24.51" shape="-198.40,586.40 -199.35,593.05 -202.20,597.80 -206.95,600.65 -213.60,601.60"/>
    </edge>
    <edge id=":J1_9" function="internal">
        <lane id=":J1_9_0" index="0" speed="6.51" length="9.03" shape="-213.60,592.00 -211.15,591.65 -209.40,590.60 -208.35,588.85 -208.00,586.40"/>
    </edge>
    <edge id=":J1_10" function="internal">
        <lane id=":J1_10_0" index="0" speed="13.89" length="27.20" shape="-213.60,595.20 -186.40,595.20"/>
    </edge>
    <edge id=":J1_11" function="internal">
        <lane id=":J1_11_0" index="0" speed="10.36" length="24.51" shape="-213.60,598.40 -206.95,599.35 -202.20,602.20 -199.35,606.95 -198.40,613.60"/>
    </edge>
    <edge id=":J2_0" function="internal">
        <lane id=":J2_0_0" index="0" speed="6.51" length="9.03" shape="-208.00,-786.40 -208.35,-788.85 -209.40,-790.60 -211.15,-791.65 -213.60,-792.00"/>
    </edge>
    <edge id=":J2_1" function="internal">
        <lane id=":J2_1_0" index="0" speed="13.89" length="27.20" shape="-204.80,-786.40 -204.80,-813.60"/>
    </edge>
    <edge id=":J2_2" function="internal">
        <lane id=":J2_2_0" index="0" speed="10.36" length="24.51" shape="-201.60,-786.40 -200.65,-793.05 -197.80,-797.80 -193.05,-800.65 -186.40,-801.60"/>
    </edge>
    <edge id=":J2_3" function="internal">
        <lane id=":J2_3_0" index="0" speed="6.51" length="9.03" shape="-186.40,-792.00 -188.85,-791.65 -190.60,-790.60 -191.65,-788.85 -192.00,-786.40"/>
    </edge>
    <edge id=":J2_4" function="internal">
        <lane id=":J2_4_0" index="0" speed="13.89" length="27.20" shape="-186.40,-795.20 -213.60,-795.20"/>
    </edge>
    <edge id=":J2_5" function="internal">
        <lane id=":J2_5_0" index="0" speed="10.36" length="24.51" shape="-186.40,-798.40 -193.05,-799.35 -197.80,-802.20 -200.65,-806.95 -201.60,-813.60"/>
    </edge>
    <edge id=":J2_6" function="internal">
        <lane id=":J2_6_0" index="0" speed="6.51" length="9.03" shape="-192.00,-813.60 -191.65,-811.15 -190.60,-809.40 -188.85,-808.35 -186.40,-808.00"/>
    </edge>
    <edge id=":J2_7" function="internal">
        <lane id=":J2_7_0" index="0" speed="13.89" length="27.20" shape="-195.20,-813.60 -195.20,-786.40"/>
    </edge>
    <edge id=":J2_8" function="internal">
        <lane id=":J2_8_0" index="0" speed="10.36" length="24.51" shape="-198.40,-813.60 -199.35,-806.95 -202.20,-802.20 -206.95,-799.35 -213.60,-798.40"/>
    </edge>
    <edge id=":J2_9" function="internal">
        <lane id=":J2_9_0" index="0" speed="6.51" length="9.03" shape="-213.60,-808.00 -211.15,-808.35 -209.40,-809.40 -208.35,-811.15 -208.00,-813.60"/>
    </edge>
    <edge id=":J2_10" function="internal">
        <lane id=":J2_10_0" index="0" speed="13.89" length="27.20" shape="-213.60,-804.80 -186.40,-804.80"/>
    </edge>
    <edge id=":J2_11" function="internal">
        <lane id=":J2_11_0" index="0" speed="10.36" length="24.51" shape="-213.60,-801.60 -206.95,-800.65 -202.20,-797.80 -199.35,-793.05 -198.40,-786.40"/>
    </edge>
    <edge id=":J3_0" function="internal">
        <lane id=":J3_0_0" index="0" speed="6.51" length="9.03" shape="492.00,-86.40 491.65,-88.85 490.60,-90.60 488.85,-91.65 486.40,-92.00"/>
    </edge>
    <edge id=":J3_1" function="internal">
        <lane id=":J3_1_0" index="0" speed="13.89" length="27.20" shape="495.20,-86.40 495.20,-113.60"/>
    </edge>
    <edge id=":J3_2" function="internal">
        <lane id=":J3_2_0" index="0" speed="10.36" length="24.51" shape="498.40,-86.40 499.35,-93.05 502.20,-97.80 506.95,-100.65 513.60,-101.60"/>
    </edge>
    <edge id=":J3_3" function="internal">
        <lane id=":J3_3_0" index="0" speed="6.51" length="9.03" shape="513.60,-92.00 511.15,-91.65 509.40,-90.60 508.35,-88.85 508.00,-86.40"/>
    </edge>
    <edge id=":J3_4" function="internal">
        <lane id=":J3_4_0" index="0" speed="13.89" length="27.20" shape="513.60,-95.20 486.40,-95.20"/>
    </edge>
    <edge id=":J3_5" function="internal">
        <lane id=":J3_5_0" index="0" speed="10.36" length="24.51" shape="513.60,-98.40 506.95,-99.35 502.20,-102.20 499.35,-106.95 498.40,-113.60"/>
    </edge>
    <edge id=":J3_6" function="internal">
        <lane id=":J3_6_0" index="0" speed="6.51" length="9.03" shape="508.00,-113.60 508.35,-111.15 509.40,-109.40 511.15,-108.35 513.60,-108.00"/>
    </edge>
    <edge id=":J3_7" function="internal">
        <lane id=":J3_7_0" index="0" speed="13.89" length="27.20" shape="504.80,-113.60 504.80,-86.40"/>
    </edge>
    <edge id=":J3_8" function="internal">
        <lane id=":J3_8_0" index="0" speed="10.36" length="24.51" shape="501.60,-113.60 500.65,-106.95 497.80,-102.20 493.05,-99.35 486.40,-98.40"/>
    </edge>
    <edge id=":J3_9" function="internal">
        <lane id=":J3_9_0" index="0" speed="6.51" length="9.03" shape="486.40,-108.00 488.85,-108.35 490.60,-109.40 491.65,-111.15 492.00,-113.60"/>
    </edge>
    <edge id=":J3_10" function="internal">
        <lane id=":J3_10_0" index="0" speed="13.89" length="27.20" shape="486.40,-104.80 513.60,-104.80"/>
    </edge>
    <edge id=":J3_11" function="internal">
        <lane id=":J3_11_0" index="0" speed="10.36" length="24.51" shape="486.40,-101.60 493.05,-100.65 497.80,-97.80 500.65,-93.05 501.60,-86.40"/>
    </edge>
    <edge id=":J4_0" function="internal">
        <lane id=":J4_0_0" index="0" speed="6.51" length="9.03" shape="492.00,613.60 491.65,611.15 490.60,609.40 488.85,608.35 486.40,608.00"/>
    </edge>
    <edge id=":J4_1" function="internal">
        <lane id=":J4_1_0" index="0" speed="13.89" length="27.20" shape="495.20,613.60 495.20,586.40"/>
    </edge>
    <edge id=":J4_2" function="internal">
        <lane id=":J4_2_0" index="0" speed="10.36" length="24.51" shape="498.40,613.60 499.35,606.95 502.20,602.20 506.95,599.35 513.60,598.40"/>
    </edge>
    <edge id=":J4_3" function="internal">
        <lane id=":J4_3_0" index="0" speed="6.51" length="9.03" shape="513.60,608.00 511.15,608.35 509.40,609.40 508.35,611.15 508.00,613.60"/>
    </edge>
    <edge id=":J4_4" function="internal">
        <lane id=":J4_4_0" index="0" speed="13.89" length="27.20" shape="513.60,604.80 486.40,604.80"/>
    </edge>
    <edge id=":J4_5" function="internal">
        <lane id=":J4_5_0" index="0" speed="10.36" length="24.51" shape="513.60,601.60 506.95,600.65 502.20,597.80 499.35,593.05 498.40,586.40"/>
    </edge>
    <edge id=":J4_6" function="internal">
        <lane id=":J4_6_0" index="0" speed="6.51" length="9.03" shape="508.00,586.40 508.35,588.85 509.40,590.60 511.15,591.65 513.60,592.00"/>
    </edge>
    <edge id=":J4_7" function="internal">
        <lane id=":J4_7_0" index="0" speed="13.89" length="27.20" shape="504.80,586.40 504.80,613.60"/>
    </edge>
    <edge id=":J4_8" function="internal">
        <lane id=":J4_8_0" index="0" speed="10.36" length="24.51" shape="501.60,586.40 500.65,593.05 497.80,597.80 493.05,600.65 486.40,601.60"/>
    </edge>
    <edge id=":J4_9" function="internal">
        <lane id=":J4_9_0" index="0" speed="6.51" length="9.03" shape="486.40,592.00 488.85,591.65 490.60,590.60 491.65,588.85 492.00,586.40"/>
    </edge>
    <edge id=":J4_10" function="internal">
        <lane id=":J4_10_0" index="0" speed="13.89" length="27.20" shape="486.40,595.20 513.60,595.20"/>
    </edge>
    <edge id=":J4_11" function="internal">
        <lane id=":J4_11_0" index="0" speed="10.36" length="24.51" shape="486.40,598.40 493.05,599.35 497.80,602.20 500.65,606.95 501.60,613.60"/>
    </edge>
    <edge id=":J5_0" function="internal">
        <lane id=":J5_0_0" index="0" speed="6.51" length="9.03" shape="492.00,-786.40 491.65,-788.85 490.60,-790.60 488.85,-791.65 486.40,-792.00"/>
    </edge>
    <edge id=":J5_1" function="internal">
        <lane id=":J5_1_0" index="0" speed="13.89" length="27.20" shape="495.20,-786.40 495.20,-813.60"/>
    </edge>
    <edge id=":J5_2" function="internal">
        <lane id=":J5_2_0" index="0" speed="10.36" length="24.51" shape="498.40,-786.40 499.35,-793.05 502.20,-797.80 506.95,-800.65 513.60,-801.60"/>
    </edge>
    <edge id=":J5_3" function="internal">
        <lane id=":J5_3_0" index="0" speed="6.51" length="9.03" shape="513.60,-792.00 511.15,-791.65 509.40,-790.60 508.35,-788.85 508.00,-786.40"/>
    </edge>
    <edge id=":J5_4" function="internal">
        <lane id=":J5_4_0" index="0" speed="13.89" length="27.20" shape="513.60,-795.20 486.40,-795.20"/>
    </edge>
    <edge id=":J5_5" function="internal">
        <lane id=":J5_5_0" index="0" speed="10.36" length="24.51" shape="513.60,-798.40 506.95,-799.35 502.20,-802.20 499.35,-806.95 498.40,-813.60"/>
    </edge>
    <edge id=":J5_6" function="internal">
        <lane id=":J5_6_0" index="0" speed="6.51" length="9.03" shape="508.00,-813.60 508.35,-811.15 509.40,-809.40 511.15,-808.35 513.60,-808.00"/>
    </edge>
    <edge id=":J5_7" function="internal">
        <lane id=":J5_7_0" index="0" speed="13.89" length="27.20" shape="504.80,-813.60 504.80,-786.40"/>
    </edge>
    <edge id=":J5_8" function="internal">
        <lane id=":J5_8_0" index="0" speed="10.36" length="24.51" shape="501.60,-813.60 500.65,-806.95 497.80,-802.20 493.05,-799.35 486.40,-798.40"/>
    </edge>
    <edge id=":J5_9" function="internal">
        <lane id=":J5_9_0" index="0" speed="6.51" length="9.03" shape="486.40,-808.00 488.85,-808.35 490.60,-809.40 491.65,-811.15 492.00,-813.60"/>
    </edge>
    <edge id=":J5_10" function="internal">
        <lane id=":J5_10_0" index="0" speed="13.89" length="27.20" shape="486.40,-804.80 513.60,-804.80"/>
    </edge>
    <edge id=":J5_11" function="internal">
        <lane id=":J5_11_0" index="0" speed="10.36" length="24.51" shape="486.40,-801.60 493.05,-800.65 497.80,-797.80 500.65,-793.05 501.60,-786.40"/>
    </edge>

    <edge id="J0-E" from="J3" to="J0" priority="-1">
        <lane id="J0-E_0" index="0" speed="13.89" length="672.80" shape="486.40,-92.00 -186.40,-92.00"/>
        <lane id="J0-E_1" index="1" speed="13.89" length="672.80" shape="486.40,-95.20 -186.40,-95.20"/>
        <lane id="J0-E_2" index="2" speed="13.89" length="672.80" shape="486.40,-98.40 -186.40,-98.40"/>
    </edge>
    <edge id="J0-N" from="J1" to="J0" priority="-1">
        <lane id="J0-N_0" index="0" speed="13.89" length="672.80" shape="-208.00,586.40 -208.00,-86.40"/>
        <lane id="J0-N_1" index="1" speed="13.89" length="672.80" shape="-204.80,586.40 -204.80,-86.40"/>
        <lane id="J0-N_2" index="2" speed="13.89" length="672.80" shape="-201.60,586.40 -201.60,-86.40"/>
    </edge>
    <edge id="J0-S" from="J2" to="J0" priority="-1">
        <lane id="J0-S_0" index="0" speed="13.89" length="672.80" shape="-192.00,-786.40 -192.00,-113.60"/>
        <lane id="J0-S_1" index="1" speed="13.89" length="672.80" shape="-195.20,-786.40 -195.20,-113.60"/>
        <lane id="J0-S_2" index="2" speed="13.89" length="672.80" shape="-198.40,-786.40 -198.40,-113.60"/>
    </edge>
    <edge id="J0-W" from="gneJ3" to="J0" priority="-1">
        <lane id="J0-W_0" index="0" speed="13.89" length="386.40" shape="-600.00,-108.00 -213.60,-108.00"/>
        <lane id="J0-W_1" index="1" speed="13.89" length="386.40" shape="-600.00,-104.80 -213.60,-104.80"/>
        <lane id="J0-W_2" index="2" speed="13.89" length="386.40" shape="-600.00,-101.60 -213.60,-101.60"/>
    </edge>
    <edge id="J1-E" from="gneJ16" to="J1" priority="-1">
        <lane id="J1-E_0" index="0" speed="13.89" length="286.40" shape="100.00,608.00 -186.40,608.00"/>
        <lane id="J1-E_1" index="1" speed="13.89" length="286.40" shape="100.00,604.80 -186.40,604.80"/>
        <lane id="J1-E_2" index="2" speed="13.89" length="286.40" shape="100.00,601.60 -186.40,601.60"/>
    </edge>
    <edge id="J1-N" from="gneJ18" to="J1" priority="-1">
        <lane id="J1-N_0" index="0" speed="13.89" length="286.40" shape="-208.00,900.00 -208.00,613.60"/>
        <lane id="J1-N_1" index="1" speed="13.89" length="286.40" shape="-204.80,900.00 -204.80,613.60"/>
        <lane id="J1-N_2" index="2" speed="13.89" length="286.40" shape="-201.60,900.00 -201.60,613.60"/>
    </edge>
    <edge id="J1-S" from="J0" to="J1" priority="-1">
        <lane id="J1-S_0" index="0" speed="13.89" length="672.80" shape="-192.00,-86.40 -192.00,586.40"/>
        <lane id="J1-S_1" index="1" speed="13.89" length="672.80" shape="-195.20,-86.40 -195.20,586.40"/>
        <lane id="J1-S_2" index="2" speed="13.89" length="672.80" shape="-198.40,-86.40 -198.40,586.40"/>
    </edge>
    <edge id="J1-W" from="gneJ17" to="J1" priority="-1">
        <lane id="J1-W_0" index="0" speed="13.89" length="286.40" shape="-500.00,592.00 -213.60,592.00"/>
        <lane id="J1-W_1" index="1" speed="13.89" length="286.40" shape="-500.00,595.20 -213.60,595.20"/>
        <lane id="J1-W_2" index="2" speed="13.89" length="286.40" shape="-500.00,598.40 -213.60,598.40"/>
    </edge>
    <edge id="J2-E" from="gneJ5" to="J2" priority="-1">
        <lane id="J2-E_0" index="0" speed="13.89" length="286.40" shape="100.00,-792.00 -186.40,-792.00"/>
        <lane id="J2-E_1" index="1" speed="13.89" length="286.40" shape="100.00,-795.20 -186.40,-795.20"/>
        <lane id="J2-E_2" index="2" speed="13.89" length="286.40" shape="100.00,-798.40 -186.40,-798.40"/>
    </edge>
    <edge id="J2-N" from="J0" to="J2" priority="-1">
        <lane id="J2-N_0" index="0" speed="13.89" length="672.80" shape="-208.00,-113.60 -208.00,-786.40"/>
        <lane id="J2-N_1" index="1" speed="13.89" length="672.80" shape="-204.80,-113.60 -204.80,-786.40"/>
        <lane id="J2-N_2" index="2" speed="13.89" length="672.80" shape="-201.60,-113.60 -201.60,-786.40"/>
    </edge>
    <edge id="J2-S" from="gneJ15" to="J2" priority="-1">
        <lane id="J2-S_0" index="0" speed="13.89" length="286.40" shape="-192.00,-1100.00 -192.00,-813.60"/>
        <lane id="J2-S_1" index="1" speed="13.89" length="286.40" shape="-195.20,-1100.00 -195.20,-813.60"/>
        <lane id="J2-S_2" index="2" speed="13.89" length="286.40" shape="-198.40,-1100.00 -198.40,-813.60"/>
    </edge>
    <edge id="J2-W" from="gneJ6" to="J2" priority="-1">
        <lane id="J2-W_0" index="0" speed="13.89" length="286.40" shape="-500.00,-808.00 -213.60,-808.00"/>
        <lane id="J2-W_1" index="1" speed="13.89" length="286.40" shape="-500.00,-804.80 -213.60,-804.80"/>
        <lane id="J2-W_2" index="2" speed="13.89" length="286.40" shape="-500.00,-801.60 -213.60,-801.60"/>
    </edge>
    <edge id="J3-E" from="gneJ11" to="J3" priority="-1">
        <lane id="J3-E_0" index="0" speed="13.89" length="386.40" shape="900.00,-92.00 513.60,-92.00"/>
        <lane id="J3-E_1" index="1" speed="13.89" length="386.40" shape="900.00,-95.20 513.60,-95.20"/>
        <lane id="J3-E_2" index="2" speed="13.89" length="386.40" shape="900.00,-98.40 513.60,-98.40"/>
    </edge>
    <edge id="J3-N" from="J4" to="J3" priority="-1">
        <lane id="J3-N_0" index="0" speed="13.89" length="672.80" shape="492.00,586.40 492.00,-86.40"/>
        <lane id="J3-N_1" index="1" speed="13.89" length="672.80" shape="495.20,586.40 495.20,-86.40"/>
        <lane id="J3-N_2" index="2" speed="13.89" length="672.80" shape="498.40,586.40 498.40,-86.40"/>
    </edge>
    <edge id="J3-S" from="J5" to="J3" priority="-1">
        <lane id="J3-S_0" index="0" speed="13.89" length="672.80" shape="508.00,-786.40 508.00,-113.60"/>
        <lane id="J3-S_1" index="1" speed="13.89" length="672.80" shape="504.80,-786.40 504.80,-113.60"/>
        <lane id="J3-S_2" index="2" speed="13.89" length="672.80" shape="501.60,-786.40 501.60,-113.60"/>
    </edge>
    <edge id="J3-W" from="J0" to="J3" priority="-1">
        <lane id="J3-W_0" index="0" speed="13.89" length="672.80" shape="-186.40,-108.00 486.40,-108.00"/>
        <lane id="J3-W_1" index="1" speed="13.89" length="672.80" shape="-186.40,-104.80 486.40,-104.80"/>
        <lane id="J3-W_2" index="2" speed="13.89" length="672.80" shape="-186.40,-101.60 486.40,-101.60"/>
    </edge>
    <edge id="J4-E" from="gneJ9" to="J4" priority="-1">
        <lane id="J4-E_0" index="0" speed="13.89" length="286.40" shape="800.00,608.00 513.60,608.00"/>
        <lane id="J4-E_1" index="1" speed="13.89" length="286.40" shape="800.00,604.80 513.60,604.80"/>
        <lane id="J4-E_2" index="2" speed="13.89" length="286.40" shape="800.00,601.60 513.60,601.60"/>
    </edge>
    <edge id="J4-N" from="gneJ19" to="J4" priority="-1">
        <lane id="J4-N_0" index="0" speed="13.89" length="286.40" shape="492.00,900.00 492.00,613.60"/>
        <lane id="J4-N_1" index="1" speed="13.89" length="286.40" shape="495.20,900.00 495.20,613.60"/>
        <lane id="J4-N_2" index="2" speed="13.89" length="286.40" shape="498.40,900.00 498.40,613.60"/>
    </edge>
    <edge id="J4-S" from="J3" to="J4" priority="-1">
        <lane id="J4-S_0" index="0" speed="13.89" length="672.80" shape="508.00,-86.40 508.00,586.40"/>
        <lane id="J4-S_1" index="1" speed="13.89" length="672.80" shape="504.80,-86.40 504.80,586.40"/>
        <lane id="J4-S_2" index="2" speed="13.89" length="672.80" shape="501.60,-86.40 501.60,586.40"/>
    </edge>
    <edge id="J4-W" from="gneJ8" to="J4" priority="-1">
        <lane id="J4-W_0" index="0" speed="13.89" length="286.40" shape="200.00,592.00 486.40,592.00"/>
        <lane id="J4-W_1" index="1" speed="13.89" length="286.40" shape="200.00,595.20 486.40,595.20"/>
        <lane id="J4-W_2" index="2" speed="13.89" length="286.40" shape="200.00,598.40 486.40,598.40"/>
    </edge>
    <edge id="J5-E" from="gneJ12" to="J5" priority="-1">
        <lane id="J5-E_0" index="0" speed="13.89" length="286.40" shape="800.00,-792.00 513.60,-792.00"/>
        <lane id="J5-E_1" index="1" speed="13.89" length="286.40" shape="800.00,-795.20 513.60,-795.20"/>
        <lane id="J5-E_2" index="2" speed="13.89" length="286.40" shape="800.00,-798.40 513.60,-798.40"/>
    </edge>
    <edge id="J5-N" from="J3" to="J5" priority="-1">
        <lane id="J5-N_0" index="0" speed="13.89" length="672.80" shape="492.00,-113.60 492.00,-786.40"/>
        <lane id="J5-N_1" index="1" speed="13.89" length="672.80" shape="495.20,-113.60 495.20,-786.40"/>
        <lane id="J5-N_2" index="2" speed="13.89" length="672.80" shape="498.40,-113.60 498.40,-786.40"/>
    </edge>
    <edge id="J5-S" from="gneJ14" to="J5" priority="-1">
        <lane id="J5-S_0" index="0" speed="13.89" length="286.40" shape="508.00,-1100.00 508.00,-813.60"/>
        <lane id="J5-S_1" index="1" speed="13.89" length="286.40" shape="504.80,-1100.00 504.80,-813.60"/>
        <lane id="J5-S_2" index="2" speed="13.89" length="286.40" shape="501.60,-1100.00 501.60,-813.60"/>
    </edge>
    <edge id="J5-W" from="gneJ13" to="J5" priority="-1">
        <lane id="J5-W_0" index="0" speed="13.89" length="286.40" shape="200.00,-808.00 486.40,-808.00"/>
        <lane id="J5-W_1" index="1" speed="13.89" length="286.40" shape="200.00,-804.80 486.40,-804.80"/>
        <lane id="J5-W_2" index="2" speed="13.89" length="286.40" shape="200.00,-801.60 486.40,-801.60"/>
    </edge>
    <edge id="gneE10" from="J2" to="gneJ6" priority="-1">
        <lane id="gneE10_0" index="0" speed="13.89" length="286.40" shape="-213.60,-792.00 -500.00,-792.00"/>
        <lane id="gneE10_1" index="1" speed="13.89" length="286.40" shape="-213.60,-795.20 -500.00,-795.20"/>
        <lane id="gneE10_2" index="2" speed="13.89" length="286.40" shape="-213.60,-798.40 -500.00,-798.40"/>
    </edge>
    <edge id="gneE13" from="J4" to="gneJ8" priority="-1">
        <lane id="gneE13_0" index="0" speed="13.89" length="286.40" shape="486.40,608.00 200.00,608.00"/>
        <lane id="gneE13_1" index="1" speed="13.89" length="286.40" shape="486.40,604.80 200.00,604.80"/>
        <lane id="gneE13_2" index="2" speed="13.89" length="286.40" shape="486.40,601.60 200.00,601.60"/>
    </edge>
    <edge id="gneE15" from="J4" to="gneJ9" priority="-1">
        <lane id="gneE15_0" index="0" speed="13.89" length="286.40" shape="513.60,592.00 800.00,592.00"/>
        <lane id="gneE15_1" index="1" speed="13.89" length="286.40" shape="513.60,595.20 800.00,595.20"/>
        <lane id="gneE15_2" index="2" speed="13.89" length="286.40" shape="513.60,598.40 800.00,598.40"/>
    </edge>
    <edge id="gneE19" from="J3" to="gneJ11" priority="-1">
        <lane id="gneE19_0" index="0" speed="13.89" length="386.40" shape="513.60,-108.00 900.00,-108.00"/>
        <lane id="gneE19_1" index="1" speed="13.89" length="386.40" shape="513.60,-104.80 900.00,-104.80"/>
        <lane id="gneE19_2" index="2" speed="13.89" length="386.40" shape="513.60,-101.60 900.00,-101.60"/>
    </edge>
    <edge id="gneE21" from="J5" to="gneJ12" priority="-1">
        <lane id="gneE21_0" index="0" speed="13.89" length="286.40" shape="513.60,-808.00 800.00,-808.00"/>
        <lane id="gneE21_1" index="1" speed="13.89" length="286.40" shape="513.60,-804.80 800.00,-804.80"/>
        <lane id="gneE21_2" index="2" speed="13.89" length="286.40" shape="513.60,-801.60 800.00,-801.60"/>
    </edge>
    <edge id="gneE23" from="J5" to="gneJ13" priority="-1">
        <lane id="gneE23_0" index="0" speed="13.89" length="286.40" shape="486.40,-792.00 200.00,-792.00"/>
        <lane id="gneE23_1" index="1" speed="13.89" length="286.40" shape="486.40,-795.20 200.00,-795.20"/>
        <lane id="gneE23_2" index="2" speed="13.89" length="286.40" shape="486.40,-798.40 200.00,-798.40"/>
    </edge>
    <edge id="gneE25" from="J5" to="gneJ14" priority="-1">
        <lane id="gneE25_0" index="0" speed="13.89" length="286.40" shape="492.00,-813.60 492.00,-1100.00"/>
        <lane id="gneE25_1" index="1" speed="13.89" length="286.40" shape="495.20,-813.60 495.20,-1100.00"/>
        <lane id="gneE25_2" index="2" speed="13.89" length="286.40" shape="498.40,-813.60 498.40,-1100.00"/>
    </edge>
    <edge id="gneE27" from="J2" to="gneJ15" priority="-1">
        <lane id="gneE27_0" index="0" speed="13.89" length="286.40" shape="-208.00,-813.60 -208.00,-1100.00"/>
        <lane id="gneE27_1" index="1" speed="13.89" length="286.40" shape="-204.80,-813.60 -204.80,-1100.00"/>
        <lane id="gneE27_2" index="2" speed="13.89" length="286.40" shape="-201.60,-813.60 -201.60,-1100.00"/>
    </edge>
    <edge id="gneE30" from="J1" to="gneJ16" priority="-1">
        <lane id="gneE30_0" index="0" speed="13.89" length="286.40" shape="-186.40,592.00 100.00,592.00"/>
        <lane id="gneE30_1" index="1" speed="13.89" length="286.40" shape="-186.40,595.20 100.00,595.20"/>
        <lane id="gneE30_2" index="2" speed="13.89" length="286.40" shape="-186.40,598.40 100.00,598.40"/>
    </edge>
    <edge id="gneE32" from="J1" to="gneJ17" priority="-1">
        <lane id="gneE32_0" index="0" speed="13.89" length="286.40" shape="-213.60,608.00 -500.00,608.00"/>
        <lane id="gneE32_1" index="1" speed="13.89" length="286.40" shape="-213.60,604.80 -500.00,604.80"/>
        <lane id="gneE32_2" index="2" speed="13.89" length="286.40" shape="-213.60,601.60 -500.00,601.60"/>
    </edge>
    <edge id="gneE35" from="J1" to="gneJ18" priority="-1">
        <lane id="gneE35_0" index="0" speed="13.89" length="286.40" shape="-192.00,613.60 -192.00,900.00"/>
        <lane id="gneE35_1" index="1" speed="13.89" length="286.40" shape="-195.20,613.60 -195.20,900.00"/>
        <lane id="gneE35_2" index="2" speed="13.89" length="286.40" shape="-198.40,613.60 -198.40,900.00"/>
    </edge>
    <edge id="gneE36" from="J4" to="gneJ19" priority="-1">
        <lane id="gneE36_0" index="0" speed="13.89" length="286.40" shape="508.00,613.60 508.00,900.00"/>
        <lane id="gneE36_1" index="1" speed="13.89" length="286.40" shape="504.80,613.60 504.80,900.00"/>
        <lane id="gneE36_2" index="2" speed="13.89" length="286.40" shape="501.60,613.60 501.60,900.00"/>
    </edge>
    <edge id="gneE4" from="J0" to="gneJ3" priority="-1">
        <lane id="gneE4_0" index="0" speed="13.89" length="386.40" shape="-213.60,-92.00 -600.00,-92.00"/>
        <lane id="gneE4_1" index="1" speed="13.89" length="386.40" shape="-213.60,-95.20 -600.00,-95.20"/>
        <lane id="gneE4_2" index="2" speed="13.89" length="386.40" shape="-213.60,-98.40 -600.00,-98.40"/>
    </edge>
    <edge id="gneE8" from="J2" to="gneJ5" priority="-1">
        <lane id="gneE8_0" index="0" speed="13.89" length="286.40" shape="-186.40,-808.00 100.00,-808.00"/>
        <lane id="gneE8_1" index="1" speed="13.89" length="286.40" shape="-186.40,-804.80 100.00,-804.80"/>
        <lane id="gneE8_2" index="2" speed="13.89" length="286.40" shape="-186.40,-801.60 100.00,-801.60"/>
    </edge>

    <tlLogic id="J0" type="static" programID="0" offset="0">
        <phase duration="17" state="GGrGrrGGrGrr"/>
        <phase duration="3"  state="GyrGrrGyrGrr"/>
        <phase duration="17" state="GrGGrrGrGGrr"/>
        <phase duration="3"  state="GryGrrGryGrr"/>
        <phase duration="17" state="GrrGGrGrrGGr"/>
        <phase duration="3"  state="GrrGyrGrrGyr"/>
        <phase duration="17" state="GrrGrGGrrGrG"/>
        <phase duration="3"  state="GrrGryGrrGry"/>
    </tlLogic>
    <tlLogic id="J1" type="static" programID="0" offset="0">
        <phase duration="17" state="GGrGrrGGrGrr"/>
        <phase duration="3"  state="GyrGrrGyrGrr"/>
        <phase duration="17" state="GrGGrrGrGGrr"/>
        <phase duration="3"  state="GryGrrGryGrr"/>
        <phase duration="17" state="GrrGGrGrrGGr"/>
        <phase duration="3"  state="GrrGyrGrrGyr"/>
        <phase duration="17" state="GrrGrGGrrGrG"/>
        <phase duration="3"  state="GrrGryGrrGry"/>
    </tlLogic>
    <tlLogic id="J2" type="static" programID="0" offset="0">
        <phase duration="17" state="GGrGrrGGrGrr"/>
        <phase duration="3"  state="GyrGrrGyrGrr"/>
        <phase duration="17" state="GrGGrrGrGGrr"/>
        <phase duration="3"  state="GryGrrGryGrr"/>
        <phase duration="17" state="GrrGGrGrrGGr"/>
        <phase duration="3"  state="GrrGyrGrrGyr"/>
        <phase duration="17" state="GrrGrGGrrGrG"/>
        <phase duration="3"  state="GrrGryGrrGry"/>
    </tlLogic>
    <tlLogic id="J3" type="static" programID="0" offset="0">
        <phase duration="17" state="GGrGrrGGrGrrr"/>
        <phase duration="3"  state="GyrGrrGyrGrrr"/>
        <phase duration="17" state="GrGGrrGrGGrrr"/>
        <phase duration="3"  state="GryGrrGryGrrr"/>
        <phase duration="17" state="GrrGGrGrrGGrr"/>
        <phase duration="3"  state="GrrGyrGrrGyrr"/>
        <phase duration="17" state="GrrGrGGrrGrGr"/>
        <phase duration="3"  state="GrrGryGrrGryr"/>
    </tlLogic>
    <tlLogic id="J4" type="static" programID="0" offset="0">
        <phase duration="17" state="GGrGrrGGrGrr"/>
        <phase duration="3"  state="GyrGrrGyrGrr"/>
        <phase duration="17" state="GrGGrrGrGGrr"/>
        <phase duration="3"  state="GryGrrGryGrr"/>
        <phase duration="17" state="GrrGGrGrrGGr"/>
        <phase duration="3"  state="GrrGyrGrrGyr"/>
        <phase duration="17" state="GrrGrGGrrGrG"/>
        <phase duration="3"  state="GrrGryGrrGry"/>
    </tlLogic>
    <tlLogic id="J5" type="static" programID="0" offset="0">
        <phase duration="17" state="GGrGrrGGrGrr"/>
        <phase duration="3"  state="GYrGrrGYrGrr"/>
        <phase duration="17" state="GrGGrrGrGGrr"/>
        <phase duration="3"  state="GryGrrGryGrr"/>
        <phase duration="17" state="GrrGGrGrrGGr"/>
        <phase duration="3"  state="GrrGyrGrrGyr"/>
        <phase duration="17" state="GrrGrGGrrGrG"/>
        <phase duration="3"  state="GrrGryGrrGry"/>
    </tlLogic>

    <junction id="J0" type="traffic_light" x="-200.00" y="-100.00" incLanes="J0-N_0 J0-N_1 J0-N_2 J0-E_0 J0-E_1 J0-E_2 J0-S_0 J0-S_1 J0-S_2 J0-W_0 J0-W_1 J0-W_2" intLanes=":J0_0_0 :J0_1_0 :J0_2_0 :J0_3_0 :J0_4_0 :J0_5_0 :J0_6_0 :J0_7_0 :J0_8_0 :J0_9_0 :J0_10_0 :J0_11_0" shape="-209.60,-86.40 -190.40,-86.40 -189.96,-88.62 -189.40,-89.40 -188.62,-89.96 -187.62,-90.29 -186.40,-90.40 -186.40,-109.60 -188.62,-110.04 -189.40,-110.60 -189.96,-111.38 -190.29,-112.38 -190.40,-113.60 -209.60,-113.60 -210.04,-111.38 -210.60,-110.60 -211.38,-110.04 -212.38,-109.71 -213.60,-109.60 -213.60,-90.40 -211.38,-89.96 -210.60,-89.40 -210.04,-88.62 -209.71,-87.62">
        <request index="0"  response="000000000000" foes="000000000000" cont="0"/>
        <request index="1"  response="000000000000" foes="110100010000" cont="0"/>
        <request index="2"  response="000010000000" foes="100010110000" cont="0"/>
        <request index="3"  response="000000000000" foes="000000000000" cont="0"/>
        <request index="4"  response="000010000110" foes="100010000110" cont="0"/>
        <request index="5"  response="010110000100" foes="010110000100" cont="0"/>
        <request index="6"  response="000000000000" foes="000000000000" cont="0"/>
        <request index="7"  response="000000000000" foes="010000110100" cont="0"/>
        <request index="8"  response="000000000010" foes="110000100010" cont="0"/>
        <request index="9"  response="000000000000" foes="000000000000" cont="0"/>
        <request index="10" response="000110000010" foes="000110100010" cont="0"/>
        <request index="11" response="000100010110" foes="000100010110" cont="0"/>
    </junction>
    <junction id="J1" type="traffic_light" x="-200.00" y="600.00" incLanes="J1-N_0 J1-N_1 J1-N_2 J1-E_0 J1-E_1 J1-E_2 J1-S_0 J1-S_1 J1-S_2 J1-W_0 J1-W_1 J1-W_2" intLanes=":J1_0_0 :J1_1_0 :J1_2_0 :J1_3_0 :J1_4_0 :J1_5_0 :J1_6_0 :J1_7_0 :J1_8_0 :J1_9_0 :J1_10_0 :J1_11_0" shape="-209.60,613.60 -190.40,613.60 -189.96,611.38 -189.40,610.60 -188.62,610.04 -187.62,609.71 -186.40,609.60 -186.40,590.40 -188.62,589.96 -189.40,589.40 -189.96,588.62 -190.29,587.62 -190.40,586.40 -209.60,586.40 -210.04,588.62 -210.60,589.40 -211.38,589.96 -212.38,590.29 -213.60,590.40 -213.60,609.60 -211.38,610.04 -210.60,610.60 -210.04,611.38 -209.71,612.38">
        <request index="0"  response="000000000000" foes="000000000000" cont="0"/>
        <request index="1"  response="000000000000" foes="110100010000" cont="0"/>
        <request index="2"  response="000010000000" foes="100010110000" cont="0"/>
        <request index="3"  response="000000000000" foes="000000000000" cont="0"/>
        <request index="4"  response="000010000110" foes="100010000110" cont="0"/>
        <request index="5"  response="010110000100" foes="010110000100" cont="0"/>
        <request index="6"  response="000000000000" foes="000000000000" cont="0"/>
        <request index="7"  response="000000000000" foes="010000110100" cont="0"/>
        <request index="8"  response="000000000010" foes="110000100010" cont="0"/>
        <request index="9"  response="000000000000" foes="000000000000" cont="0"/>
        <request index="10" response="000110000010" foes="000110100010" cont="0"/>
        <request index="11" response="000100010110" foes="000100010110" cont="0"/>
    </junction>
    <junction id="J2" type="traffic_light" x="-200.00" y="-800.00" incLanes="J2-N_0 J2-N_1 J2-N_2 J2-E_0 J2-E_1 J2-E_2 J2-S_0 J2-S_1 J2-S_2 J2-W_0 J2-W_1 J2-W_2" intLanes=":J2_0_0 :J2_1_0 :J2_2_0 :J2_3_0 :J2_4_0 :J2_5_0 :J2_6_0 :J2_7_0 :J2_8_0 :J2_9_0 :J2_10_0 :J2_11_0" shape="-209.60,-786.40 -190.40,-786.40 -189.96,-788.62 -189.40,-789.40 -188.62,-789.96 -187.62,-790.29 -186.40,-790.40 -186.40,-809.60 -188.62,-810.04 -189.40,-810.60 -189.96,-811.38 -190.29,-812.38 -190.40,-813.60 -209.60,-813.60 -210.04,-811.38 -210.60,-810.60 -211.38,-810.04 -212.38,-809.71 -213.60,-809.60 -213.60,-790.40 -211.38,-789.96 -210.60,-789.40 -210.04,-788.62 -209.71,-787.62">
        <request index="0"  response="000000000000" foes="000000000000" cont="0"/>
        <request index="1"  response="000000000000" foes="110100010000" cont="0"/>
        <request index="2"  response="000010000000" foes="100010110000" cont="0"/>
        <request index="3"  response="000000000000" foes="000000000000" cont="0"/>
        <request index="4"  response="000010000110" foes="100010000110" cont="0"/>
        <request index="5"  response="010110000100" foes="010110000100" cont="0"/>
        <request index="6"  response="000000000000" foes="000000000000" cont="0"/>
        <request index="7"  response="000000000000" foes="010000110100" cont="0"/>
        <request index="8"  response="000000000010" foes="110000100010" cont="0"/>
        <request index="9"  response="000000000000" foes="000000000000" cont="0"/>
        <request index="10" response="000110000010" foes="000110100010" cont="0"/>
        <request index="11" response="000100010110" foes="000100010110" cont="0"/>
    </junction>
    <junction id="J3" type="traffic_light" x="500.00" y="-100.00" incLanes="J3-N_0 J3-N_1 J3-N_2 J3-E_0 J3-E_1 J3-E_2 J3-S_0 J3-S_1 J3-S_2 J3-W_0 J3-W_1 J3-W_2" intLanes=":J3_0_0 :J3_1_0 :J3_2_0 :J3_3_0 :J3_4_0 :J3_5_0 :J3_6_0 :J3_7_0 :J3_8_0 :J3_9_0 :J3_10_0 :J3_11_0" shape="490.40,-86.40 509.60,-86.40 510.04,-88.62 510.60,-89.40 511.38,-89.96 512.38,-90.29 513.60,-90.40 513.60,-109.60 511.38,-110.04 510.60,-110.60 510.04,-111.38 509.71,-112.38 509.60,-113.60 490.40,-113.60 489.96,-111.38 489.40,-110.60 488.62,-110.04 487.62,-109.71 486.40,-109.60 486.40,-90.40 488.62,-89.96 489.40,-89.40 489.96,-88.62 490.29,-87.62">
        <request index="0"  response="000000000000" foes="000000000000" cont="0"/>
        <request index="1"  response="000000000000" foes="110100010000" cont="0"/>
        <request index="2"  response="000010000000" foes="100010110000" cont="0"/>
        <request index="3"  response="000000000000" foes="000000000000" cont="0"/>
        <request index="4"  response="000010000110" foes="100010000110" cont="0"/>
        <request index="5"  response="010110000100" foes="010110000100" cont="0"/>
        <request index="6"  response="000000000000" foes="000000000000" cont="0"/>
        <request index="7"  response="000000000000" foes="010000110100" cont="0"/>
        <request index="8"  response="000000000010" foes="110000100010" cont="0"/>
        <request index="9"  response="000000000000" foes="000000000000" cont="0"/>
        <request index="10" response="000110000010" foes="000110100010" cont="0"/>
        <request index="11" response="000100010110" foes="000100010110" cont="0"/>
    </junction>
    <junction id="J4" type="traffic_light" x="500.00" y="600.00" incLanes="J4-N_0 J4-N_1 J4-N_2 J4-E_0 J4-E_1 J4-E_2 J4-S_0 J4-S_1 J4-S_2 J4-W_0 J4-W_1 J4-W_2" intLanes=":J4_0_0 :J4_1_0 :J4_2_0 :J4_3_0 :J4_4_0 :J4_5_0 :J4_6_0 :J4_7_0 :J4_8_0 :J4_9_0 :J4_10_0 :J4_11_0" shape="490.40,613.60 509.60,613.60 510.04,611.38 510.60,610.60 511.38,610.04 512.38,609.71 513.60,609.60 513.60,590.40 511.38,589.96 510.60,589.40 510.04,588.62 509.71,587.62 509.60,586.40 490.40,586.40 489.96,588.62 489.40,589.40 488.62,589.96 487.62,590.29 486.40,590.40 486.40,609.60 488.62,610.04 489.40,610.60 489.96,611.38 490.29,612.38">
        <request index="0"  response="000000000000" foes="000000000000" cont="0"/>
        <request index="1"  response="000000000000" foes="110100010000" cont="0"/>
        <request index="2"  response="000010000000" foes="100010110000" cont="0"/>
        <request index="3"  response="000000000000" foes="000000000000" cont="0"/>
        <request index="4"  response="000010000110" foes="100010000110" cont="0"/>
        <request index="5"  response="010110000100" foes="010110000100" cont="0"/>
        <request index="6"  response="000000000000" foes="000000000000" cont="0"/>
        <request index="7"  response="000000000000" foes="010000110100" cont="0"/>
        <request index="8"  response="000000000010" foes="110000100010" cont="0"/>
        <request index="9"  response="000000000000" foes="000000000000" cont="0"/>
        <request index="10" response="000110000010" foes="000110100010" cont="0"/>
        <request index="11" response="000100010110" foes="000100010110" cont="0"/>
    </junction>
    <junction id="J5" type="traffic_light" x="500.00" y="-800.00" incLanes="J5-N_0 J5-N_1 J5-N_2 J5-E_0 J5-E_1 J5-E_2 J5-S_0 J5-S_1 J5-S_2 J5-W_0 J5-W_1 J5-W_2" intLanes=":J5_0_0 :J5_1_0 :J5_2_0 :J5_3_0 :J5_4_0 :J5_5_0 :J5_6_0 :J5_7_0 :J5_8_0 :J5_9_0 :J5_10_0 :J5_11_0" shape="490.40,-786.40 509.60,-786.40 510.04,-788.62 510.60,-789.40 511.38,-789.96 512.38,-790.29 513.60,-790.40 513.60,-809.60 511.38,-810.04 510.60,-810.60 510.04,-811.38 509.71,-812.38 509.60,-813.60 490.40,-813.60 489.96,-811.38 489.40,-810.60 488.62,-810.04 487.62,-809.71 486.40,-809.60 486.40,-790.40 488.62,-789.96 489.40,-789.40 489.96,-788.62 490.29,-787.62">
        <request index="0"  response="000000000000" foes="000000000000" cont="0"/>
        <request index="1"  response="000000000000" foes="110100010000" cont="0"/>
        <request index="2"  response="000010000000" foes="100010110000" cont="0"/>
        <request index="3"  response="000000000000" foes="000000000000" cont="0"/>
        <request index="4"  response="000010000110" foes="100010000110" cont="0"/>
        <request index="5"  response="010110000100" foes="010110000100" cont="0"/>
        <request index="6"  response="000000000000" foes="000000000000" cont="0"/>
        <request index="7"  response="000000000000" foes="010000110100" cont="0"/>
        <request index="8"  response="000000000010" foes="110000100010" cont="0"/>
        <request index="9"  response="000000000000" foes="000000000000" cont="0"/>
        <request index="10" response="000110000010" foes="000110100010" cont="0"/>
        <request index="11" response="000100010110" foes="000100010110" cont="0"/>
    </junction>
    <junction id="gneJ11" type="dead_end" x="900.00" y="-100.00" incLanes="gneE19_0 gneE19_1 gneE19_2" intLanes="" shape="900.00,-100.00 900.00,-109.60 900.00,-100.00"/>
    <junction id="gneJ12" type="dead_end" x="800.00" y="-800.00" incLanes="gneE21_0 gneE21_1 gneE21_2" intLanes="" shape="800.00,-800.00 800.00,-809.60 800.00,-800.00"/>
    <junction id="gneJ13" type="dead_end" x="200.00" y="-800.00" incLanes="gneE23_0 gneE23_1 gneE23_2" intLanes="" shape="200.00,-800.00 200.00,-790.40 200.00,-800.00"/>
    <junction id="gneJ14" type="dead_end" x="500.00" y="-1100.00" incLanes="gneE25_0 gneE25_1 gneE25_2" intLanes="" shape="500.00,-1100.00 490.40,-1100.00 500.00,-1100.00"/>
    <junction id="gneJ15" type="dead_end" x="-200.00" y="-1100.00" incLanes="gneE27_0 gneE27_1 gneE27_2" intLanes="" shape="-200.00,-1100.00 -209.60,-1100.00 -200.00,-1100.00"/>
    <junction id="gneJ16" type="dead_end" x="100.00" y="600.00" incLanes="gneE30_0 gneE30_1 gneE30_2" intLanes="" shape="100.00,600.00 100.00,590.40 100.00,600.00"/>
    <junction id="gneJ17" type="dead_end" x="-500.00" y="600.00" incLanes="gneE32_0 gneE32_1 gneE32_2" intLanes="" shape="-500.00,600.00 -500.00,609.60 -500.00,600.00"/>
    <junction id="gneJ18" type="dead_end" x="-200.00" y="900.00" incLanes="gneE35_0 gneE35_1 gneE35_2" intLanes="" shape="-200.00,900.00 -190.40,900.00 -200.00,900.00"/>
    <junction id="gneJ19" type="dead_end" x="500.00" y="900.00" incLanes="gneE36_0 gneE36_1 gneE36_2" intLanes="" shape="500.00,900.00 509.60,900.00 500.00,900.00"/>
    <junction id="gneJ3" type="dead_end" x="-600.00" y="-100.00" incLanes="gneE4_0 gneE4_1 gneE4_2" intLanes="" shape="-600.00,-100.00 -600.00,-90.40 -600.00,-100.00"/>
    <junction id="gneJ5" type="dead_end" x="100.00" y="-800.00" incLanes="gneE8_0 gneE8_1 gneE8_2" intLanes="" shape="100.00,-800.00 100.00,-809.60 100.00,-800.00"/>
    <junction id="gneJ6" type="dead_end" x="-500.00" y="-800.00" incLanes="gneE10_0 gneE10_1 gneE10_2" intLanes="" shape="-500.00,-800.00 -500.00,-790.40 -500.00,-800.00"/>
    <junction id="gneJ8" type="dead_end" x="200.00" y="600.00" incLanes="gneE13_0 gneE13_1 gneE13_2" intLanes="" shape="200.00,600.00 200.00,609.60 200.00,600.00"/>
    <junction id="gneJ9" type="dead_end" x="800.00" y="600.00" incLanes="gneE15_0 gneE15_1 gneE15_2" intLanes="" shape="800.00,600.00 800.00,590.40 800.00,600.00"/>

    <connection from="J0-E" to="J1-S" fromLane="0" toLane="0" via=":J0_3_0" tl="J0" linkIndex="3" dir="r" state="O"/>
    <connection from="J0-E" to="gneE4" fromLane="1" toLane="1" via=":J0_4_0" tl="J0" linkIndex="4" dir="s" state="o"/>
    <connection from="J0-E" to="J2-N" fromLane="2" toLane="2" via=":J0_5_0" tl="J0" linkIndex="5" dir="l" state="o"/>
    <connection from="J0-N" to="gneE4" fromLane="0" toLane="0" via=":J0_0_0" tl="J0" linkIndex="0" dir="r" state="O"/>
    <connection from="J0-N" to="J2-N" fromLane="1" toLane="1" via=":J0_1_0" tl="J0" linkIndex="1" dir="s" state="O"/>
    <connection from="J0-N" to="J3-W" fromLane="2" toLane="2" via=":J0_2_0" tl="J0" linkIndex="2" dir="l" state="o"/>
    <connection from="J0-S" to="J3-W" fromLane="0" toLane="0" via=":J0_6_0" tl="J0" linkIndex="6" dir="r" state="O"/>
    <connection from="J0-S" to="J1-S" fromLane="1" toLane="1" via=":J0_7_0" tl="J0" linkIndex="7" dir="s" state="O"/>
    <connection from="J0-S" to="gneE4" fromLane="2" toLane="2" via=":J0_8_0" tl="J0" linkIndex="8" dir="l" state="o"/>
    <connection from="J0-W" to="J2-N" fromLane="0" toLane="0" via=":J0_9_0" tl="J0" linkIndex="9" dir="r" state="O"/>
    <connection from="J0-W" to="J3-W" fromLane="1" toLane="1" via=":J0_10_0" tl="J0" linkIndex="10" dir="s" state="o"/>
    <connection from="J0-W" to="J1-S" fromLane="2" toLane="2" via=":J0_11_0" tl="J0" linkIndex="11" dir="l" state="o"/>
    <connection from="J1-E" to="gneE35" fromLane="0" toLane="0" via=":J1_3_0" tl="J1" linkIndex="3" dir="r" state="O"/>
    <connection from="J1-E" to="gneE32" fromLane="1" toLane="1" via=":J1_4_0" tl="J1" linkIndex="4" dir="s" state="o"/>
    <connection from="J1-E" to="J0-N" fromLane="2" toLane="2" via=":J1_5_0" tl="J1" linkIndex="5" dir="l" state="o"/>
    <connection from="J1-N" to="gneE32" fromLane="0" toLane="0" via=":J1_0_0" tl="J1" linkIndex="0" dir="r" state="O"/>
    <connection from="J1-N" to="J0-N" fromLane="1" toLane="1" via=":J1_1_0" tl="J1" linkIndex="1" dir="s" state="O"/>
    <connection from="J1-N" to="gneE30" fromLane="2" toLane="2" via=":J1_2_0" tl="J1" linkIndex="2" dir="l" state="o"/>
    <connection from="J1-S" to="gneE30" fromLane="0" toLane="0" via=":J1_6_0" tl="J1" linkIndex="6" dir="r" state="O"/>
    <connection from="J1-S" to="gneE35" fromLane="1" toLane="1" via=":J1_7_0" tl="J1" linkIndex="7" dir="s" state="O"/>
    <connection from="J1-S" to="gneE32" fromLane="2" toLane="2" via=":J1_8_0" tl="J1" linkIndex="8" dir="l" state="o"/>
    <connection from="J1-W" to="J0-N" fromLane="0" toLane="0" via=":J1_9_0" tl="J1" linkIndex="9" dir="r" state="O"/>
    <connection from="J1-W" to="gneE30" fromLane="1" toLane="1" via=":J1_10_0" tl="J1" linkIndex="10" dir="s" state="o"/>
    <connection from="J1-W" to="gneE35" fromLane="2" toLane="2" via=":J1_11_0" tl="J1" linkIndex="11" dir="l" state="o"/>
    <connection from="J2-E" to="J0-S" fromLane="0" toLane="0" via=":J2_3_0" tl="J2" linkIndex="3" dir="r" state="O"/>
    <connection from="J2-E" to="gneE10" fromLane="1" toLane="1" via=":J2_4_0" tl="J2" linkIndex="4" dir="s" state="o"/>
    <connection from="J2-E" to="gneE27" fromLane="2" toLane="2" via=":J2_5_0" tl="J2" linkIndex="5" dir="l" state="o"/>
    <connection from="J2-N" to="gneE10" fromLane="0" toLane="0" via=":J2_0_0" tl="J2" linkIndex="0" dir="r" state="O"/>
    <connection from="J2-N" to="gneE27" fromLane="1" toLane="1" via=":J2_1_0" tl="J2" linkIndex="1" dir="s" state="O"/>
    <connection from="J2-N" to="gneE8" fromLane="2" toLane="2" via=":J2_2_0" tl="J2" linkIndex="2" dir="l" state="o"/>
    <connection from="J2-S" to="gneE8" fromLane="0" toLane="0" via=":J2_6_0" tl="J2" linkIndex="6" dir="r" state="O"/>
    <connection from="J2-S" to="J0-S" fromLane="1" toLane="1" via=":J2_7_0" tl="J2" linkIndex="7" dir="s" state="O"/>
    <connection from="J2-S" to="gneE10" fromLane="2" toLane="2" via=":J2_8_0" tl="J2" linkIndex="8" dir="l" state="o"/>
    <connection from="J2-W" to="gneE27" fromLane="0" toLane="0" via=":J2_9_0" tl="J2" linkIndex="9" dir="r" state="O"/>
    <connection from="J2-W" to="gneE8" fromLane="1" toLane="1" via=":J2_10_0" tl="J2" linkIndex="10" dir="s" state="o"/>
    <connection from="J2-W" to="J0-S" fromLane="2" toLane="2" via=":J2_11_0" tl="J2" linkIndex="11" dir="l" state="o"/>
    <connection from="J3-E" to="J4-S" fromLane="0" toLane="0" via=":J3_3_0" tl="J3" linkIndex="3" dir="r" state="O"/>
    <connection from="J3-E" to="J0-E" fromLane="1" toLane="1" via=":J3_4_0" tl="J3" linkIndex="4" dir="s" state="o"/>
    <connection from="J3-E" to="J5-N" fromLane="2" toLane="2" via=":J3_5_0" tl="J3" linkIndex="5" dir="l" state="o"/>
    <connection from="J3-N" to="J0-E" fromLane="0" toLane="0" via=":J3_0_0" tl="J3" linkIndex="0" dir="r" state="O"/>
    <connection from="J3-N" to="J5-N" fromLane="1" toLane="1" via=":J3_1_0" tl="J3" linkIndex="1" dir="s" state="O"/>
    <connection from="J3-N" to="gneE19" fromLane="2" toLane="2" via=":J3_2_0" tl="J3" linkIndex="2" dir="l" state="o"/>
    <connection from="J3-S" to="gneE19" fromLane="0" toLane="0" via=":J3_6_0" tl="J3" linkIndex="6" dir="r" state="O"/>
    <connection from="J3-S" to="J4-S" fromLane="1" toLane="1" via=":J3_7_0" tl="J3" linkIndex="7" dir="s" state="O"/>
    <connection from="J3-S" to="J0-E" fromLane="2" toLane="2" via=":J3_8_0" tl="J3" linkIndex="8" dir="l" state="o"/>
    <connection from="J3-W" to="J5-N" fromLane="0" toLane="0" via=":J3_9_0" tl="J3" linkIndex="9" dir="r" state="O"/>
    <connection from="J3-W" to="gneE19" fromLane="1" toLane="1" via=":J3_10_0" tl="J3" linkIndex="10" dir="s" state="o"/>
    <connection from="J3-W" to="J4-S" fromLane="2" toLane="2" via=":J3_11_0" tl="J3" linkIndex="11" dir="l" state="o"/>
    <connection from="J4-E" to="gneE36" fromLane="0" toLane="0" via=":J4_3_0" tl="J4" linkIndex="3" dir="r" state="O"/>
    <connection from="J4-E" to="gneE13" fromLane="1" toLane="1" via=":J4_4_0" tl="J4" linkIndex="4" dir="s" state="o"/>
    <connection from="J4-E" to="J3-N" fromLane="2" toLane="2" via=":J4_5_0" tl="J4" linkIndex="5" dir="l" state="o"/>
    <connection from="J4-N" to="gneE13" fromLane="0" toLane="0" via=":J4_0_0" tl="J4" linkIndex="0" dir="r" state="O"/>
    <connection from="J4-N" to="J3-N" fromLane="1" toLane="1" via=":J4_1_0" tl="J4" linkIndex="1" dir="s" state="O"/>
    <connection from="J4-N" to="gneE15" fromLane="2" toLane="2" via=":J4_2_0" tl="J4" linkIndex="2" dir="l" state="o"/>
    <connection from="J4-S" to="gneE15" fromLane="0" toLane="0" via=":J4_6_0" tl="J4" linkIndex="6" dir="r" state="O"/>
    <connection from="J4-S" to="gneE36" fromLane="1" toLane="1" via=":J4_7_0" tl="J4" linkIndex="7" dir="s" state="O"/>
    <connection from="J4-S" to="gneE13" fromLane="2" toLane="2" via=":J4_8_0" tl="J4" linkIndex="8" dir="l" state="o"/>
    <connection from="J4-W" to="J3-N" fromLane="0" toLane="0" via=":J4_9_0" tl="J4" linkIndex="9" dir="r" state="O"/>
    <connection from="J4-W" to="gneE15" fromLane="1" toLane="1" via=":J4_10_0" tl="J4" linkIndex="10" dir="s" state="o"/>
    <connection from="J4-W" to="gneE36" fromLane="2" toLane="2" via=":J4_11_0" tl="J4" linkIndex="11" dir="l" state="o"/>
    <connection from="J5-E" to="J3-S" fromLane="0" toLane="0" via=":J5_3_0" tl="J5" linkIndex="3" dir="r" state="O"/>
    <connection from="J5-E" to="gneE23" fromLane="1" toLane="1" via=":J5_4_0" tl="J5" linkIndex="4" dir="s" state="o"/>
    <connection from="J5-E" to="gneE25" fromLane="2" toLane="2" via=":J5_5_0" tl="J5" linkIndex="5" dir="l" state="o"/>
    <connection from="J5-N" to="gneE23" fromLane="0" toLane="0" via=":J5_0_0" tl="J5" linkIndex="0" dir="r" state="O"/>
    <connection from="J5-N" to="gneE25" fromLane="1" toLane="1" via=":J5_1_0" tl="J5" linkIndex="1" dir="s" state="O"/>
    <connection from="J5-N" to="gneE21" fromLane="2" toLane="2" via=":J5_2_0" tl="J5" linkIndex="2" dir="l" state="o"/>
    <connection from="J5-S" to="gneE21" fromLane="0" toLane="0" via=":J5_6_0" tl="J5" linkIndex="6" dir="r" state="O"/>
    <connection from="J5-S" to="J3-S" fromLane="1" toLane="1" via=":J5_7_0" tl="J5" linkIndex="7" dir="s" state="O"/>
    <connection from="J5-S" to="gneE23" fromLane="2" toLane="2" via=":J5_8_0" tl="J5" linkIndex="8" dir="l" state="o"/>
    <connection from="J5-W" to="gneE25" fromLane="0" toLane="0" via=":J5_9_0" tl="J5" linkIndex="9" dir="r" state="O"/>
    <connection from="J5-W" to="gneE21" fromLane="1" toLane="1" via=":J5_10_0" tl="J5" linkIndex="10" dir="s" state="o"/>
    <connection from="J5-W" to="J3-S" fromLane="2" toLane="2" via=":J5_11_0" tl="J5" linkIndex="11" dir="l" state="o"/>

    <connection from=":J0_0" to="gneE4" fromLane="0" toLane="0" dir="r" state="M"/>
    <connection from=":J0_1" to="J2-N" fromLane="0" toLane="1" dir="s" state="M"/>
    <connection from=":J0_2" to="J3-W" fromLane="0" toLane="2" dir="l" state="M"/>
    <connection from=":J0_3" to="J1-S" fromLane="0" toLane="0" dir="r" state="M"/>
    <connection from=":J0_4" to="gneE4" fromLane="0" toLane="1" dir="s" state="M"/>
    <connection from=":J0_5" to="J2-N" fromLane="0" toLane="2" dir="l" state="M"/>
    <connection from=":J0_6" to="J3-W" fromLane="0" toLane="0" dir="r" state="M"/>
    <connection from=":J0_7" to="J1-S" fromLane="0" toLane="1" dir="s" state="M"/>
    <connection from=":J0_8" to="gneE4" fromLane="0" toLane="2" dir="l" state="M"/>
    <connection from=":J0_9" to="J2-N" fromLane="0" toLane="0" dir="r" state="M"/>
    <connection from=":J0_10" to="J3-W" fromLane="0" toLane="1" dir="s" state="M"/>
    <connection from=":J0_11" to="J1-S" fromLane="0" toLane="2" dir="l" state="M"/>
    <connection from=":J1_0" to="gneE32" fromLane="0" toLane="0" dir="r" state="M"/>
    <connection from=":J1_1" to="J0-N" fromLane="0" toLane="1" dir="s" state="M"/>
    <connection from=":J1_2" to="gneE30" fromLane="0" toLane="2" dir="l" state="M"/>
    <connection from=":J1_3" to="gneE35" fromLane="0" toLane="0" dir="r" state="M"/>
    <connection from=":J1_4" to="gneE32" fromLane="0" toLane="1" dir="s" state="M"/>
    <connection from=":J1_5" to="J0-N" fromLane="0" toLane="2" dir="l" state="M"/>
    <connection from=":J1_6" to="gneE30" fromLane="0" toLane="0" dir="r" state="M"/>
    <connection from=":J1_7" to="gneE35" fromLane="0" toLane="1" dir="s" state="M"/>
    <connection from=":J1_8" to="gneE32" fromLane="0" toLane="2" dir="l" state="M"/>
    <connection from=":J1_9" to="J0-N" fromLane="0" toLane="0" dir="r" state="M"/>
    <connection from=":J1_10" to="gneE30" fromLane="0" toLane="1" dir="s" state="M"/>
    <connection from=":J1_11" to="gneE35" fromLane="0" toLane="2" dir="l" state="M"/>
    <connection from=":J2_0" to="gneE10" fromLane="0" toLane="0" dir="r" state="M"/>
    <connection from=":J2_1" to="gneE27" fromLane="0" toLane="1" dir="s" state="M"/>
    <connection from=":J2_2" to="gneE8" fromLane="0" toLane="2" dir="l" state="M"/>
    <connection from=":J2_3" to="J0-S" fromLane="0" toLane="0" dir="r" state="M"/>
    <connection from=":J2_4" to="gneE10" fromLane="0" toLane="1" dir="s" state="M"/>
    <connection from=":J2_5" to="gneE27" fromLane="0" toLane="2" dir="l" state="M"/>
    <connection from=":J2_6" to="gneE8" fromLane="0" toLane="0" dir="r" state="M"/>
    <connection from=":J2_7" to="J0-S" fromLane="0" toLane="1" dir="s" state="M"/>
    <connection from=":J2_8" to="gneE10" fromLane="0" toLane="2" dir="l" state="M"/>
    <connection from=":J2_9" to="gneE27" fromLane="0" toLane="0" dir="r" state="M"/>
    <connection from=":J2_10" to="gneE8" fromLane="0" toLane="1" dir="s" state="M"/>
    <connection from=":J2_11" to="J0-S" fromLane="0" toLane="2" dir="l" state="M"/>
    <connection from=":J3_0" to="J0-E" fromLane="0" toLane="0" dir="r" state="M"/>
    <connection from=":J3_1" to="J5-N" fromLane="0" toLane="1" dir="s" state="M"/>
    <connection from=":J3_2" to="gneE19" fromLane="0" toLane="2" dir="l" state="M"/>
    <connection from=":J3_3" to="J4-S" fromLane="0" toLane="0" dir="r" state="M"/>
    <connection from=":J3_4" to="J0-E" fromLane="0" toLane="1" dir="s" state="M"/>
    <connection from=":J3_5" to="J5-N" fromLane="0" toLane="2" dir="l" state="M"/>
    <connection from=":J3_6" to="gneE19" fromLane="0" toLane="0" dir="r" state="M"/>
    <connection from=":J3_7" to="J4-S" fromLane="0" toLane="1" dir="s" state="M"/>
    <connection from=":J3_8" to="J0-E" fromLane="0" toLane="2" dir="l" state="M"/>
    <connection from=":J3_9" to="J5-N" fromLane="0" toLane="0" dir="r" state="M"/>
    <connection from=":J3_10" to="gneE19" fromLane="0" toLane="1" dir="s" state="M"/>
    <connection from=":J3_11" to="J4-S" fromLane="0" toLane="2" dir="l" state="M"/>
    <connection from=":J4_0" to="gneE13" fromLane="0" toLane="0" dir="r" state="M"/>
    <connection from=":J4_1" to="J3-N" fromLane="0" toLane="1" dir="s" state="M"/>
    <connection from=":J4_2" to="gneE15" fromLane="0" toLane="2" dir="l" state="M"/>
    <connection from=":J4_3" to="gneE36" fromLane="0" toLane="0" dir="r" state="M"/>
    <connection from=":J4_4" to="gneE13" fromLane="0" toLane="1" dir="s" state="M"/>
    <connection from=":J4_5" to="J3-N" fromLane="0" toLane="2" dir="l" state="M"/>
    <connection from=":J4_6" to="gneE15" fromLane="0" toLane="0" dir="r" state="M"/>
    <connection from=":J4_7" to="gneE36" fromLane="0" toLane="1" dir="s" state="M"/>
    <connection from=":J4_8" to="gneE13" fromLane="0" toLane="2" dir="l" state="M"/>
    <connection from=":J4_9" to="J3-N" fromLane="0" toLane="0" dir="r" state="M"/>
    <connection from=":J4_10" to="gneE15" fromLane="0" toLane="1" dir="s" state="M"/>
    <connection from=":J4_11" to="gneE36" fromLane="0" toLane="2" dir="l" state="M"/>
    <connection from=":J5_0" to="gneE23" fromLane="0" toLane="0" dir="r" state="M"/>
    <connection from=":J5_1" to="gneE25" fromLane="0" toLane="1" dir="s" state="M"/>
    <connection from=":J5_2" to="gneE21" fromLane="0" toLane="2" dir="l" state="M"/>
    <connection from=":J5_3" to="J3-S" fromLane="0" toLane="0" dir="r" state="M"/>
    <connection from=":J5_4" to="gneE23" fromLane="0" toLane="1" dir="s" state="M"/>
    <connection from=":J5_5" to="gneE25" fromLane="0" toLane="2" dir="l" state="M"/>
    <connection from=":J5_6" to="gneE21" fromLane="0" toLane="0" dir="r" state="M"/>
    <connection from=":J5_7" to="J3-S" fromLane="0" toLane="1" dir="s" state="M"/>
    <connection from=":J5_8" to="gneE23" fromLane="0" toLane="2" dir="l" state="M"/>
    <connection from=":J5_9" to="gneE25" fromLane="0" toLane="0" dir="r" state="M"/>
    <connection from=":J5_10" to="gneE21" fromLane="0" toLane="1" dir="s" state="M"/>
    <connection from=":J5_11" to="J3-S" fromLane="0" toLane="2" dir="l" state="M"/>

</net>
