<?xml version="1.0" encoding="UTF-8"?>
<turns xmlns:xsi="http://www.w3.org/2001/XMLSchema-instance" xsi:noNamespaceSchemaLocation="http://sumo.dlr.de/xsd/turns_file.xsd">
	<interval begin="0" end="10800">
		<fromEdge id="E0">
			<toEdge id="E7" probability=".2"/>
			<toEdge id="J2-W" probability=".6"/>
			<toEdge id="J31-N" probability=".2"/>
		</fromEdge>
		<fromEdge id="E41">
			<toEdge id="-E0" probability=".3"/>
			<toEdge id="E7" probability=".4"/>
			<toEdge id="J2-W" probability=".3"/>
		</fromEdge>
		<fromEdge id="-E1">
			<toEdge id="J31-N" probability=".2"/>
			<toEdge id="-E0" probability=".6"/>
			<toEdge id="E7" probability=".2"/>
		</fromEdge>
		<fromEdge id="-E7">
			<toEdge id="-E0" probability=".3"/>
			<toEdge id="J31-N" probability=".4"/>
			<toEdge id="J2-W" probability=".3"/>
		</fromEdge>

		<fromEdge id="J2-W">
			<toEdge id="E36" probability=".2"/>
			<toEdge id="E2" probability=".6"/>
			<toEdge id="E10" probability=".2"/>
		</fromEdge>
		<fromEdge id="J2-S">
			<toEdge id="E2" probability=".3"/>
			<toEdge id="E10" probability=".4"/>
			<toEdge id="-E1" probability=".3"/>
		</fromEdge>
		<fromEdge id="J2-E">
			<toEdge id="E10" probability=".2"/>
			<toEdge id="-E1" probability=".6"/>
			<toEdge id="E36" probability=".2"/>
		</fromEdge>
		<fromEdge id="J2-N">
			<toEdge id="-E1" probability=".3"/>
			<toEdge id="E36" probability=".4"/>
			<toEdge id="E2" probability=".3"/>
		</fromEdge>

		<fromEdge id="E2">
			<toEdge id="E52" probability=".2"/>
			<toEdge id="E3" probability=".6"/>
			<toEdge id="E16" probability=".2"/>
		</fromEdge>
		<fromEdge id="-E52">
			<toEdge id="E3" probability=".3"/>
			<toEdge id="E16" probability=".4"/>
			<toEdge id="J2-E" probability=".3"/>
		</fromEdge>
		<fromEdge id="-E3">
			<toEdge id="E16" probability=".2"/>
			<toEdge id="J2-E" probability=".6"/>
			<toEdge id="E52" probability=".2"/>
		</fromEdge>
		<fromEdge id="-E16">
			<toEdge id="J2-E" probability=".3"/>
			<toEdge id="E52" probability=".4"/>
			<toEdge id="E3" probability=".3"/>
		</fromEdge>

		<fromEdge id="E3">
			<toEdge id="J42-N" probability=".2"/>
			<toEdge id="J5-W" probability=".6"/>
			<toEdge id="-E24" probability=".2"/>
		</fromEdge>
		<fromEdge id="-E56">
			<toEdge id="J5-W" probability=".3"/>
			<toEdge id="-E24" probability=".4"/>
			<toEdge id="-E3" probability=".3"/>
		</fromEdge>
		<fromEdge id="-E4">
			<toEdge id="-E24" probability=".2"/>
			<toEdge id="-E3" probability=".6"/>
			<toEdge id="J42-N" probability=".2"/>
		</fromEdge>
		<fromEdge id="E24">
			<toEdge id="-E3" probability=".3"/>
			<toEdge id="J42-N" probability=".4"/>
			<toEdge id="J5-W" probability=".3"/>
		</fromEdge>

		<fromEdge id="J5-W">
			<toEdge id="E62" probability=".2"/>
			<toEdge id="E5" probability=".6"/>
			<toEdge id="E26" probability=".2"/>
		</fromEdge>
		<fromEdge id="J5-S">
			<toEdge id="E5" probability=".3"/>
			<toEdge id="E26" probability=".4"/>
			<toEdge id="-E4" probability=".3"/>
		</fromEdge>
		<fromEdge id="J5-E">
			<toEdge id="E26" probability=".2"/>
			<toEdge id="-E4" probability=".6"/>
			<toEdge id="E62" probability=".2"/>
		</fromEdge>
		<fromEdge id="J5-N">
			<toEdge id="-E4" probability=".3"/>
			<toEdge id="E62" probability=".4"/>
			<toEdge id="E5" probability=".3"/>
		</fromEdge>

		<fromEdge id="E5">
			<toEdge id="-E67" probability=".2"/>
			<toEdge id="E6" probability=".6"/>
			<toEdge id="-E33" probability=".2"/>
		</fromEdge>
		<fromEdge id="E67">
			<toEdge id="E6" probability=".3"/>
			<toEdge id="-E33" probability=".4"/>
			<toEdge id="J5-E" probability=".3"/>
		</fromEdge>
		<fromEdge id="-E6">
			<toEdge id="-E33" probability=".2"/>
			<toEdge id="J5-E" probability=".6"/>
			<toEdge id="-E67" probability=".2"/>
		</fromEdge>
		<fromEdge id="E33">
			<toEdge id="J5-E" probability=".3"/>
			<toEdge id="-E67" probability=".4"/>
			<toEdge id="E6" probability=".3"/>
		</fromEdge>

		<fromEdge id="E19">
			<toEdge id="-E11" probability=".3"/>
			<toEdge id="E20" probability=".4"/>
			<toEdge id="E13" probability=".3"/>
		</fromEdge>
		<fromEdge id="E11">
			<toEdge id="E20" probability=".2"/>
			<toEdge id="E13" probability=".6"/>
			<toEdge id="J9-E" probability=".2"/>
		</fromEdge>
		<fromEdge id="-E20">
			<toEdge id="E13" probability=".3"/>
			<toEdge id="J9-E" probability=".4"/>
			<toEdge id="-E11" probability=".3"/>
		</fromEdge>
		<fromEdge id="-E13">
			<toEdge id="J9-E" probability=".2"/>
			<toEdge id="-E11" probability=".6"/>
			<toEdge id="E20" probability=".2"/>
		</fromEdge>

		<fromEdge id="E14">
			<toEdge id="J2-N" probability=".3"/>
			<toEdge id="E15" probability=".4"/>
			<toEdge id="E11" probability=".3"/>
		</fromEdge>
		<fromEdge id="E10">
			<toEdge id="E15" probability=".2"/>
			<toEdge id="E11" probability=".6"/>
			<toEdge id="-E14" probability=".2"/>
		</fromEdge>
		<fromEdge id="-E15">
			<toEdge id="E11" probability=".3"/>
			<toEdge id="-E14" probability=".4"/>
			<toEdge id="J2-N" probability=".3"/>
		</fromEdge>
		<fromEdge id="-E11">
			<toEdge id="-E14" probability=".2"/>
			<toEdge id="J2-N" probability=".6"/>
			<toEdge id="E15" probability=".2"/>
		</fromEdge>

		<fromEdge id="-E39">
			<toEdge id="E37" probability=".3"/>
			<toEdge id="E46" probability=".4"/>
			<toEdge id="J2-S" probability=".3"/>
		</fromEdge>
		<fromEdge id="-E37">
			<toEdge id="E46" probability=".2"/>
			<toEdge id="J2-S" probability=".6"/>
			<toEdge id="J31-E" probability=".2"/>
		</fromEdge>
		<fromEdge id="-E46">
			<toEdge id="J2-S" probability=".3"/>
			<toEdge id="J31-E" probability=".4"/>
			<toEdge id="E37" probability=".3"/>
		</fromEdge>
		<fromEdge id="E36">
			<toEdge id="J31-E" probability=".2"/>
			<toEdge id="E37" probability=".6"/>
			<toEdge id="E46" probability=".2"/>
		</fromEdge>

		<fromEdge id="E45">
			<toEdge id="E38" probability=".3"/>
			<toEdge id="J38-W" probability=".4"/>
			<toEdge id="-E37" probability=".3"/>
		</fromEdge>
		<fromEdge id="-E38">
			<toEdge id="J38-W" probability=".2"/>
			<toEdge id="-E37" probability=".6"/>
			<toEdge id="-E45" probability=".2"/>
		</fromEdge>
		<fromEdge id="E50">
			<toEdge id="-E37" probability=".3"/>
			<toEdge id="-E45" probability=".4"/>
			<toEdge id="E38" probability=".3"/>
		</fromEdge>
		<fromEdge id="E37">
			<toEdge id="-E45" probability=".2"/>
			<toEdge id="E38" probability=".6"/>
			<toEdge id="J38-W" probability=".2"/>
		</fromEdge>

		<fromEdge id="E22">
			<toEdge id="-E27" probability=".3"/>
			<toEdge id="J23-W" probability=".4"/>
			<toEdge id="E28" probability=".3"/>
		</fromEdge>
		<fromEdge id="E27">
			<toEdge id="J23-W" probability=".2"/>
			<toEdge id="E28" probability=".6"/>
			<toEdge id="-E22" probability=".2"/>
		</fromEdge>
		<fromEdge id="-E29">
			<toEdge id="E28" probability=".3"/>
			<toEdge id="-E22" probability=".4"/>
			<toEdge id="-E27" probability=".3"/>
		</fromEdge>
		<fromEdge id="-E28">
			<toEdge id="-E22" probability=".2"/>
			<toEdge id="-E27" probability=".6"/>
			<toEdge id="J23-W" probability=".2"/>
		</fromEdge>

		<fromEdge id="E25">
			<toEdge id="J5-N" probability=".3"/>
			<toEdge id="E30" probability=".4"/>
			<toEdge id="E27" probability=".3"/>
		</fromEdge>
		<fromEdge id="E26">
			<toEdge id="E30" probability=".2"/>
			<toEdge id="E27" probability=".6"/>
			<toEdge id="-E25" probability=".2"/>
		</fromEdge>
		<fromEdge id="-E30">
			<toEdge id="E27" probability=".3"/>
			<toEdge id="-E25" probability=".4"/>
			<toEdge id="J5-N" probability=".3"/>
		</fromEdge>
		<fromEdge id="-E27">
			<toEdge id="-E25" probability=".2"/>
			<toEdge id="J5-N" probability=".6"/>
			<toEdge id="E30" probability=".2"/>
		</fromEdge>

		<fromEdge id="E61">
			<toEdge id="E63" probability=".3"/>
			<toEdge id="E66" probability=".4"/>
			<toEdge id="J5-S" probability=".3"/>
		</fromEdge>
		<fromEdge id="-E63">
			<toEdge id="E66" probability=".2"/>
			<toEdge id="J5-S" probability=".6"/>
			<toEdge id="J42-E" probability=".2"/>
		</fromEdge>
		<fromEdge id="-E66">
			<toEdge id="J5-S" probability=".3"/>
			<toEdge id="J42-E" probability=".4"/>
			<toEdge id="E63" probability=".3"/>
		</fromEdge>
		<fromEdge id="E62">
			<toEdge id="J42-E" probability=".2"/>
			<toEdge id="E63" probability=".6"/>
			<toEdge id="E66" probability=".2"/>
		</fromEdge>

		<fromEdge id="E60">
			<toEdge id="E64" probability=".3"/>
			<toEdge id="J48-W" probability=".4"/>
			<toEdge id="-E63" probability=".3"/>
		</fromEdge>
		<fromEdge id="-E64">
			<toEdge id="J48-W" probability=".2"/>
			<toEdge id="-E63" probability=".6"/>
			<toEdge id="-E60" probability=".2"/>
		</fromEdge>
		<fromEdge id="-E65">
			<toEdge id="-E63" probability=".3"/>
			<toEdge id="-E60" probability=".4"/>
			<toEdge id="E64" probability=".3"/>
		</fromEdge>
		<fromEdge id="E63">
			<toEdge id="-E60" probability=".2"/>
			<toEdge id="E64" probability=".6"/>
			<toEdge id="J48-W" probability=".2"/>
		</fromEdge>

		<fromEdge id="J9-W">
			<toEdge id="-E8" probability=".3"/>
			<toEdge id="E19" probability=".4"/>
			<toEdge id="E12" probability=".3"/>
		</fromEdge>
		<fromEdge id="J9-S">
			<toEdge id="E19" probability=".2"/>
			<toEdge id="E12" probability=".6"/>
			<toEdge id="-E18" probability=".2"/>
		</fromEdge>
		<fromEdge id="J9-E">
			<toEdge id="E12" probability=".3"/>
			<toEdge id="-E18" probability=".4"/>
			<toEdge id="-E8" probability=".3"/>
		</fromEdge>
		<fromEdge id="J9-N">
			<toEdge id="-E18" probability=".2"/>
			<toEdge id="-E8" probability=".6"/>
			<toEdge id="E19" probability=".2"/>
		</fromEdge>

		<fromEdge id="E9">
			<toEdge id="-E7" probability=".3"/>
			<toEdge id="E14" probability=".4"/>
			<toEdge id="J9-S" probability=".3"/>
		</fromEdge>
		<fromEdge id="E7">
			<toEdge id="E14" probability=".2"/>
			<toEdge id="J9-S" probability=".6"/>
			<toEdge id="-E9" probability=".2"/>
		</fromEdge>
		<fromEdge id="-E14">
			<toEdge id="J9-S" probability=".3"/>
			<toEdge id="-E9" probability=".4"/>
			<toEdge id="-E7" probability=".3"/>
		</fromEdge>
		<fromEdge id="-E8">
			<toEdge id="-E9" probability=".2"/>
			<toEdge id="-E7" probability=".6"/>
			<toEdge id="E14" probability=".2"/>
		</fromEdge>

		<fromEdge id="E20">
			<toEdge id="-E17" probability=".2"/>
			<toEdge id="E22" probability=".6"/>
			<toEdge id="E21" probability=".2"/>
		</fromEdge>
		<fromEdge id="E17">
			<toEdge id="E22" probability=".2"/>
			<toEdge id="E21" probability=".6"/>
			<toEdge id="-E20" probability=".2"/>
		</fromEdge>
		<fromEdge id="-E22">
			<toEdge id="E21" probability=".2"/>
			<toEdge id="-E20" probability=".6"/>
			<toEdge id="-E17" probability=".2"/>
		</fromEdge>
		<fromEdge id="-E21">
			<toEdge id="-E20" probability=".2"/>
			<toEdge id="-E17" probability=".6"/>
			<toEdge id="E22" probability=".2"/>
		</fromEdge>

		<fromEdge id="E15">
			<toEdge id="-E16" probability=".2"/>
			<toEdge id="E23" probability=".6"/>
			<toEdge id="E17" probability=".2"/>
		</fromEdge>
		<fromEdge id="E16">
			<toEdge id="E23" probability=".2"/>
			<toEdge id="E17" probability=".6"/>
			<toEdge id="-E15" probability=".2"/>
		</fromEdge>
		<fromEdge id="-E23">
			<toEdge id="E17" probability=".2"/>
			<toEdge id="-E15" probability=".6"/>
			<toEdge id="-E16" probability=".2"/>
		</fromEdge>
		<fromEdge id="-E17">
			<toEdge id="-E15" probability=".2"/>
			<toEdge id="-E16" probability=".6"/>
			<toEdge id="E23" probability=".2"/>
		</fromEdge>

		<fromEdge id="E23">
			<toEdge id="E25" probability=".4"/>
			<toEdge id="E24" probability=".6"/>
		</fromEdge>
		<fromEdge id="-E24">
			<toEdge id="E25" probability=".5"/>
			<toEdge id="-E23" probability=".5"/>
		</fromEdge>
		<fromEdge id="-E25">
			<toEdge id="-E23" probability=".4"/>
			<toEdge id="E24" probability=".6"/>
		</fromEdge>

		<fromEdge id="J23-W">
			<toEdge id="E32" probability=".3"/>
			<toEdge id="E35" probability=".4"/>
			<toEdge id="E31" probability=".3"/>
		</fromEdge>
		<fromEdge id="J23-S">
			<toEdge id="E35" probability=".2"/>
			<toEdge id="E31" probability=".6"/>
			<toEdge id="-E29" probability=".2"/>
		</fromEdge>
		<fromEdge id="J23-E">
			<toEdge id="E31" probability=".3"/>
			<toEdge id="-E29" probability=".4"/>
			<toEdge id="E32" probability=".3"/>
		</fromEdge>
		<fromEdge id="J23-N">
			<toEdge id="-E29" probability=".2"/>
			<toEdge id="E32" probability=".6"/>
			<toEdge id="E35" probability=".2"/>
		</fromEdge>

		<fromEdge id="E30">
			<toEdge id="E33" probability=".2"/>
			<toEdge id="E34" probability=".6"/>
			<toEdge id="J23-S" probability=".2"/>
		</fromEdge>
		<fromEdge id="-E33">
			<toEdge id="E34" probability=".2"/>
			<toEdge id="J23-S" probability=".6"/>
			<toEdge id="-E30" probability=".2"/>
		</fromEdge>
		<fromEdge id="-E34">
			<toEdge id="J23-S" probability=".2"/>
			<toEdge id="-E30" probability=".6"/>
			<toEdge id="E33" probability=".2"/>
		</fromEdge>
		<fromEdge id="E32">
			<toEdge id="-E30" probability=".2"/>
			<toEdge id="E33" probability=".6"/>
			<toEdge id="E34" probability=".2"/>
		</fromEdge>

		<fromEdge id="J31-W">
			<toEdge id="E42" probability=".3"/>
			<toEdge id="-E39" probability=".4"/>
			<toEdge id="E41" probability=".3"/>
		</fromEdge>
		<fromEdge id="J31-S">
			<toEdge id="-E39" probability=".2"/>
			<toEdge id="E41" probability=".6"/>
			<toEdge id="E40" probability=".2"/>
		</fromEdge>
		<fromEdge id="J31-E">
			<toEdge id="E41" probability=".3"/>
			<toEdge id="E40" probability=".4"/>
			<toEdge id="E42" probability=".3"/>
		</fromEdge>
		<fromEdge id="J31-N">
			<toEdge id="E40" probability=".2"/>
			<toEdge id="E42" probability=".6"/>
			<toEdge id="-E39" probability=".2"/>
		</fromEdge>

		<fromEdge id="E43">
			<toEdge id="E44" probability=".2"/>
			<toEdge id="E45" probability=".6"/>
			<toEdge id="J31-S" probability=".2"/>
		</fromEdge>
		<fromEdge id="-E44">
			<toEdge id="E45" probability=".2"/>
			<toEdge id="J31-S" probability=".6"/>
			<toEdge id="-E43" probability=".2"/>
		</fromEdge>
		<fromEdge id="-E45">
			<toEdge id="J31-S" probability=".2"/>
			<toEdge id="-E43" probability=".6"/>
			<toEdge id="E44" probability=".2"/>
		</fromEdge>
		<fromEdge id="E42">
			<toEdge id="-E43" probability=".2"/>
			<toEdge id="E44" probability=".6"/>
			<toEdge id="E45" probability=".2"/>
		</fromEdge>

		<fromEdge id="E46">
			<toEdge id="J38-N" probability=".6"/>
			<toEdge id="E47" probability=".4"/>
		</fromEdge>
		<fromEdge id="-E48">
			<toEdge id="E47" probability=".5"/>
			<toEdge id="-E46" probability=".5"/>
		</fromEdge>
		<fromEdge id="-E47">
			<toEdge id="-E46" probability=".4"/>
			<toEdge id="J38-N" probability=".6"/>
		</fromEdge>

		<fromEdge id="J38-W">
			<toEdge id="E49" probability=".2"/>
			<toEdge id="E51" probability=".6"/>
			<toEdge id="-E48" probability=".2"/>
		</fromEdge>
		<fromEdge id="J38-S">
			<toEdge id="E51" probability=".2"/>
			<toEdge id="-E48" probability=".6"/>
			<toEdge id="E50" probability=".2"/>
		</fromEdge>
		<fromEdge id="J38-E">
			<toEdge id="-E48" probability=".2"/>
			<toEdge id="E50" probability=".6"/>
			<toEdge id="E49" probability=".2"/>
		</fromEdge>
		<fromEdge id="J38-N">
			<toEdge id="E50" probability=".2"/>
			<toEdge id="E49" probability=".6"/>
			<toEdge id="E51" probability=".2"/>
		</fromEdge>

		<fromEdge id="E47">
			<toEdge id="E53" probability=".2"/>
			<toEdge id="J42-W" probability=".6"/>
			<toEdge id="-E52" probability=".2"/>
		</fromEdge>
		<fromEdge id="-E53">
			<toEdge id="J42-W" probability=".2"/>
			<toEdge id="-E52" probability=".6"/>
			<toEdge id="-E47" probability=".2"/>
		</fromEdge>
		<fromEdge id="-E55">
			<toEdge id="-E52" probability=".2"/>
			<toEdge id="-E47" probability=".6"/>
			<toEdge id="E53" probability=".2"/>
		</fromEdge>
		<fromEdge id="E52">
			<toEdge id="-E47" probability=".2"/>
			<toEdge id="E53" probability=".6"/>
			<toEdge id="J42-W" probability=".2"/>
		</fromEdge>

		<fromEdge id="E51">
			<toEdge id="E54" probability=".2"/>
			<toEdge id="-E59" probability=".6"/>
			<toEdge id="-E53" probability=".2"/>
		</fromEdge>
		<fromEdge id="-E54">
			<toEdge id="-E59" probability=".2"/>
			<toEdge id="-E53" probability=".6"/>
			<toEdge id="J38-E" probability=".2"/>
		</fromEdge>
		<fromEdge id="E59">
			<toEdge id="-E53" probability=".2"/>
			<toEdge id="J38-E" probability=".6"/>
			<toEdge id="E54" probability=".2"/>
		</fromEdge>
		<fromEdge id="E53">
			<toEdge id="J38-E" probability=".2"/>
			<toEdge id="E54" probability=".6"/>
			<toEdge id="-E59" probability=".2"/>
		</fromEdge>

		<fromEdge id="J42-W">
			<toEdge id="E57" probability=".2"/>
			<toEdge id="E61" probability=".6"/>
			<toEdge id="-E56" probability=".2"/>
		</fromEdge>
		<fromEdge id="J42-S">
			<toEdge id="E61" probability=".2"/>
			<toEdge id="-E56" probability=".6"/>
			<toEdge id="-E55" probability=".2"/>
		</fromEdge>
		<fromEdge id="J42-E">
			<toEdge id="-E56" probability=".2"/>
			<toEdge id="-E55" probability=".6"/>
			<toEdge id="E57" probability=".2"/>
		</fromEdge>
		<fromEdge id="J42-N">
			<toEdge id="-E55" probability=".2"/>
			<toEdge id="E57" probability=".6"/>
			<toEdge id="E61" probability=".2"/>
		</fromEdge>

		<fromEdge id="-E59">
			<toEdge id="E58" probability=".2"/>
			<toEdge id="E60" probability=".6"/>
			<toEdge id="J42-S" probability=".2"/>
		</fromEdge>
		<fromEdge id="-E58">
			<toEdge id="E60" probability=".2"/>
			<toEdge id="J42-S" probability=".6"/>
			<toEdge id="E59" probability=".2"/>
		</fromEdge>
		<fromEdge id="-E60">
			<toEdge id="J42-S" probability=".2"/>
			<toEdge id="E59" probability=".6"/>
			<toEdge id="E58" probability=".2"/>
		</fromEdge>
		<fromEdge id="E57">
			<toEdge id="E59" probability=".2"/>
			<toEdge id="E58" probability=".6"/>
			<toEdge id="E60" probability=".2"/>
		</fromEdge>

		<fromEdge id="E66">
			<toEdge id="J48-N" probability=".2"/>
			<toEdge id="E69" probability=".6"/>
			<toEdge id="E67" probability=".2"/>
		</fromEdge>
		<fromEdge id="-E68">
			<toEdge id="E69" probability=".2"/>
			<toEdge id="E67" probability=".6"/>
			<toEdge id="-E66" probability=".2"/>
		</fromEdge>
		<fromEdge id="-E69">
			<toEdge id="E67" probability=".2"/>
			<toEdge id="-E66" probability=".6"/>
			<toEdge id="J48-N" probability=".2"/>
		</fromEdge>
		<fromEdge id="-E67">
			<toEdge id="-E66" probability=".2"/>
			<toEdge id="J48-N" probability=".6"/>
			<toEdge id="E69" probability=".2"/>
		</fromEdge>

		<fromEdge id="J48-W">
			<toEdge id="E71" probability=".2"/>
			<toEdge id="E70" probability=".6"/>
			<toEdge id="-E68" probability=".2"/>
		</fromEdge>
		<fromEdge id="J48-S">
			<toEdge id="E70" probability=".2"/>
			<toEdge id="-E68" probability=".6"/>
			<toEdge id="-E65" probability=".2"/>
		</fromEdge>
		<fromEdge id="J48-E">
			<toEdge id="-E68" probability=".2"/>
			<toEdge id="-E65" probability=".6"/>
			<toEdge id="E71" probability=".2"/>
		</fromEdge>
		<fromEdge id="J48-N">
			<toEdge id="-E65" probability=".2"/>
			<toEdge id="E71" probability=".6"/>
			<toEdge id="E70" probability=".2"/>
		</fromEdge>

	</interval>
</turns>