<?xml version="1.0" encoding="UTF-8"?>
<turns xmlns:xsi="http://www.w3.org/2001/XMLSchema-instance" xsi:noNamespaceSchemaLocation="http://sumo.dlr.de/xsd/turns_file.xsd">
	<interval begin="0" end="10800">
		<fromEdge id="J0-W">
			<toEdge id="gneE74" probability=".2"/>
			<toEdge id="J1-W" probability=".6"/>
			<toEdge id="gneE66" probability=".2"/>
		</fromEdge>
		<fromEdge id="J0-S">
			<toEdge id="gneE56" probability=".3"/>
			<toEdge id="gneE74" probability=".4"/>
			<toEdge id="J1-W" probability=".3"/>
		</fromEdge>
		<fromEdge id="J0-E">
			<toEdge id="gneE66" probability=".2"/>
			<toEdge id="gneE56" probability=".6"/>
			<toEdge id="gneE74" probability=".2"/>
		</fromEdge>
		<fromEdge id="J0-N">
			<toEdge id="J1-W" probability=".3"/>
			<toEdge id="gneE66" probability=".4"/>
			<toEdge id="gneE56" probability=".3"/>
		</fromEdge>

		<fromEdge id="gneE56">
			<toEdge id="gneE55" probability=".7"/>
			<toEdge id="J4-N" probability=".3"/>
		</fromEdge>
		<fromEdge id="gneE54">
			<toEdge id="J0-W" probability=".7"/>
			<toEdge id="J4-N" probability=".3"/>
		</fromEdge>
		<fromEdge id="gneE127">
			<toEdge id="gneE55" probability=".5"/>
			<toEdge id="J0-W" probability=".5"/>
		</fromEdge>

		<fromEdge id="gneE55">
			<toEdge id="gneE134" probability=".7"/>
			<toEdge id="J2-S" probability=".3"/>
		</fromEdge>
		<fromEdge id="gneE60">
			<toEdge id="gneE54" probability=".5"/>
			<toEdge id="gneE134" probability=".5"/>
		</fromEdge>
		<fromEdge id="gneE135">
			<toEdge id="J2-S" probability=".3"/>
			<toEdge id="gneE54" probability=".7"/>
		</fromEdge>

		<fromEdge id="gneE134">
			<toEdge id="gneE136" probability=".7"/>
			<toEdge id="J3-N" probability=".3"/>
		</fromEdge>
		<fromEdge id="gneE137">
			<toEdge id="J3-N" probability=".3"/>
			<toEdge id="gneE135" probability=".7"/>
		</fromEdge>
		<fromEdge id="gneE125">
			<toEdge id="gneE136" probability=".5"/>
			<toEdge id="gneE135" probability=".5"/>
		</fromEdge>

		<fromEdge id="gneE74">
			<toEdge id="gneE76" probability=".7"/>
			<toEdge id="J2-E" probability=".3"/>
		</fromEdge>
		<fromEdge id="gneE77">
			<toEdge id="J2-E" probability=".2"/>
			<toEdge id="J0-N" probability=".8"/>
		</fromEdge>
		<fromEdge id="gneE24">
			<toEdge id="gneE76" probability=".5"/>
			<toEdge id="J0-N" probability=".5"/>
		</fromEdge>

		<fromEdge id="J2-E">
			<toEdge id="gneE64" probability=".3"/>
			<toEdge id="gneE28" probability=".4"/>
			<toEdge id="gneE60" probability=".3"/>
		</fromEdge>
		<fromEdge id="J2-N">
			<toEdge id="gneE28" probability=".3"/>
			<toEdge id="gneE60" probability=".4"/>
			<toEdge id="gneE24" probability=".3"/>
		</fromEdge>
		<fromEdge id="J2-W">
			<toEdge id="gneE64" probability=".3"/>
			<toEdge id="gneE24" probability=".4"/>
			<toEdge id="gneE60" probability=".3"/>
		</fromEdge>
		<fromEdge id="J2-S">
			<toEdge id="gneE28" probability=".3"/>
			<toEdge id="gneE64" probability=".4"/>
			<toEdge id="gneE24" probability=".3"/>
		</fromEdge>

		<fromEdge id="gneE66">
			<toEdge id="J4-E" probability=".3"/>
			<toEdge id="gneE68" probability=".7"/>
		</fromEdge>
		<fromEdge id="gneE33">
			<toEdge id="J0-S" probability=".5"/>
			<toEdge id="gneE68" probability=".5"/>
		</fromEdge>
		<fromEdge id="gneE69">
			<toEdge id="J4-E" probability=".2"/>
			<toEdge id="J0-S" probability=".8"/>
		</fromEdge>

		<fromEdge id="J4-E">
			<toEdge id="gneE127" probability=".3"/>
			<toEdge id="gneE113" probability=".4"/>
			<toEdge id="gneE114" probability=".3"/>
		</fromEdge>
		<fromEdge id="J4-N">
			<toEdge id="gneE113" probability=".3"/>
			<toEdge id="gneE114" probability=".4"/>
			<toEdge id="gneE33" probability=".3"/>
		</fromEdge>
		<fromEdge id="J4-W">
			<toEdge id="gneE127" probability=".3"/>
			<toEdge id="gneE33" probability=".4"/>
			<toEdge id="gneE114" probability=".3"/>
		</fromEdge>
		<fromEdge id="J4-S">
			<toEdge id="gneE33" probability=".3"/>
			<toEdge id="gneE127" probability=".4"/>
			<toEdge id="gneE113" probability=".3"/>
		</fromEdge>

		<fromEdge id="gneE118">
			<toEdge id="J4-W" probability=".5"/>
			<toEdge id="gneE116" probability=".5"/>
		</fromEdge>
		<fromEdge id="gneE113">
			<toEdge id="gneE117" probability=".5"/>
			<toEdge id="gneE116" probability=".5"/>
		</fromEdge>
		<fromEdge id="gneE119">
			<toEdge id="gneE117" probability=".5"/>
			<toEdge id="J4-W" probability=".5"/>
		</fromEdge>

		<fromEdge id="J3-E">
			<toEdge id="gneE125" probability=".3"/>
			<toEdge id="gneE44" probability=".4"/>
			<toEdge id="gneE46" probability=".3"/>
		</fromEdge>
		<fromEdge id="J3-N">
			<toEdge id="gneE44" probability=".3"/>
			<toEdge id="gneE46" probability=".4"/>
			<toEdge id="gneE120" probability=".3"/>
		</fromEdge>
		<fromEdge id="J3-W">
			<toEdge id="gneE125" probability=".3"/>
			<toEdge id="gneE120" probability=".4"/>
			<toEdge id="gneE46" probability=".3"/>
		</fromEdge>
		<fromEdge id="J3-S">
			<toEdge id="gneE44" probability=".3"/>
			<toEdge id="gneE125" probability=".4"/>
			<toEdge id="gneE120" probability=".3"/>
		</fromEdge>

		<fromEdge id="J1-W">
			<toEdge id="J5-S" probability=".2"/>
			<toEdge id="gneE90" probability=".6"/>
			<toEdge id="gneE106" probability=".2"/>
		</fromEdge>
		<fromEdge id="J1-S">
			<toEdge id="J0-E" probability=".3"/>
			<toEdge id="J5-S" probability=".4"/>
			<toEdge id="gneE90" probability=".3"/>
		</fromEdge>
		<fromEdge id="J1-E">
			<toEdge id="J5-S" probability=".2"/>
			<toEdge id="J0-E" probability=".6"/>
			<toEdge id="gneE106" probability=".2"/>
		</fromEdge>
		<fromEdge id="J1-N">
			<toEdge id="J0-E" probability=".3"/>
			<toEdge id="gneE106" probability=".4"/>
			<toEdge id="gneE90" probability=".3"/>
		</fromEdge>

		<fromEdge id="gneE93">
			<toEdge id="gneE89" probability=".3"/>
			<toEdge id="J1-E" probability=".7"/>
		</fromEdge>
		<fromEdge id="gneE88">
			<toEdge id="J1-E" probability=".5"/>
			<toEdge id="gneE92" probability=".5"/>
		</fromEdge>
		<fromEdge id="gneE90">
			<toEdge id="gneE89" probability=".3"/>
			<toEdge id="gneE92" probability=".7"/>
		</fromEdge>

		<fromEdge id="gneE92">
			<toEdge id="J6-N" probability=".3"/>
			<toEdge id="gneE110" probability=".7"/>
		</fromEdge>
		<fromEdge id="gneE103">
			<toEdge id="gneE93" probability=".5"/>
			<toEdge id="gneE110" probability=".5"/>
		</fromEdge>
		<fromEdge id="gneE111">
			<toEdge id="J6-N" probability=".3"/>
			<toEdge id="gneE93" probability=".7"/>
		</fromEdge>

		<fromEdge id="J5-S">
			<toEdge id="gneE83" probability=".3"/>
			<toEdge id="gneE80" probability=".4"/>
			<toEdge id="gneE84" probability=".3"/>
		</fromEdge>
		<fromEdge id="J5-E">
			<toEdge id="gneE80" probability=".3"/>
			<toEdge id="gneE83" probability=".4"/>
			<toEdge id="J1-N" probability=".3"/>
		</fromEdge>
		<fromEdge id="J5-N">
			<toEdge id="gneE83" probability=".1"/>
			<toEdge id="J1-N" probability=".7"/>
			<toEdge id="gneE84" probability=".2"/>
		</fromEdge>
		<fromEdge id="J5-W">
			<toEdge id="gneE80" probability=".3"/>
			<toEdge id="gneE84" probability=".4"/>
			<toEdge id="J1-N" probability=".3"/>
		</fromEdge>

		<fromEdge id="gneE89">
			<toEdge id="gneE48" probability=".4"/>
			<toEdge id="gneE87" probability=".6"/>
		</fromEdge>
		<fromEdge id="gneE49">
			<toEdge id="gneE88" probability=".5"/>
			<toEdge id="gneE87" probability=".5"/>
		</fromEdge>
		<fromEdge id="gneE86">
			<toEdge id="gneE88" probability=".6"/>
			<toEdge id="gneE48" probability=".4"/>
		</fromEdge>

		<fromEdge id="gneE87">
			<toEdge id="J5-E" probability=".6"/>
			<toEdge id="gneE7" probability=".4"/>
		</fromEdge>
		<fromEdge id="gneE8">
			<toEdge id="J5-E" probability=".6"/>
			<toEdge id="gneE86" probability=".4"/>
		</fromEdge>
		<fromEdge id="gneE84">
			<toEdge id="gneE7" probability=".5"/>
			<toEdge id="gneE86" probability=".5"/>
		</fromEdge>

		<fromEdge id="gneE106">
			<toEdge id="gneE108" probability=".7"/>
			<toEdge id="gneE96" probability=".3"/>
		</fromEdge>
		<fromEdge id="gneE109">
			<toEdge id="gneE96" probability=".2"/>
			<toEdge id="J1-S" probability=".8"/>
		</fromEdge>
		<fromEdge id="gneE97">
			<toEdge id="J1-S" probability=".7"/>
			<toEdge id="gneE108" probability=".3"/>
		</fromEdge>

		<fromEdge id="gneE96">
			<toEdge id="gneE50" probability=".4"/>
			<toEdge id="J6-W" probability=".6"/>
		</fromEdge>
		<fromEdge id="gneE51">
			<toEdge id="gneE97" probability=".5"/>
			<toEdge id="J6-W" probability=".5"/>
		</fromEdge>
		<fromEdge id="gneE99">
			<toEdge id="gneE97" probability=".6"/>
			<toEdge id="gneE50" probability=".4"/>
		</fromEdge>

		<fromEdge id="J6-S">
			<toEdge id="gneE99" probability=".2"/>
			<toEdge id="gneE103" probability=".6"/>
			<toEdge id="gneE100" probability=".2"/>
		</fromEdge>
		<fromEdge id="J6-E">
			<toEdge id="gneE104" probability=".3"/>
			<toEdge id="gneE99" probability=".4"/>
			<toEdge id="gneE103" probability=".3"/>
		</fromEdge>
		<fromEdge id="J6-N">
			<toEdge id="gneE99" probability=".2"/>
			<toEdge id="gneE104" probability=".6"/>
			<toEdge id="gneE100" probability=".2"/>
		</fromEdge>
		<fromEdge id="J6-W">
			<toEdge id="gneE103" probability=".3"/>
			<toEdge id="gneE100" probability=".4"/>
			<toEdge id="gneE104" probability=".3"/>
		</fromEdge>

	</interval>
</turns>