<flowdefs>
	<flow id="0" from="J1-N" begin="0" end="10800" number="1800"/>
	<flow id="1" from="J1-W" begin="0" end="10800" number="1800"/>
	<flow id="2" from="J4-N" begin="0" end="10800" number="1800"/>
	<flow id="3" from="J4-E" begin="0" end="10800" number="1800"/>
	<flow id="4" from="J5-W" begin="0" end="10800" number="1800"/>
	<flow id="5" from="J16-E" begin="0" end="10800" number="1800"/>
	<flow id="7" from="J17-W" begin="0" end="10800" number="1800"/>
	<flow id="8" from="J20-E" begin="0" end="10800" number="1800"/>
    <flow id="9" from="J21-S" begin="0" end="10800" number="1800"/>
    <flow id="10" from="J21-W" begin="0" end="10800" number="1800"/>
    <flow id="11" from="J22-S" begin="0" end="10800" number="1800"/>
    <flow id="12" from="J23-S" begin="0" end="10800" number="1800"/>
</flowdefs>