<?xml version="1.0" encoding="UTF-8"?>
<turns xmlns:xsi="http://www.w3.org/2001/XMLSchema-instance" xsi:noNamespaceSchemaLocation="http://sumo.dlr.de/xsd/turns_file.xsd">
	<interval begin="0" end="10800">
		<fromEdge id="J1-W">
			<toEdge id="gneE144" probability=".2"/>
			<toEdge id="J2-W" probability=".6"/>
			<toEdge id="J5-N" probability=".2"/>
		</fromEdge>
		<fromEdge id="J1-N">
			<toEdge id="J2-W" probability=".2"/>
			<toEdge id="J5-N" probability=".6"/>
			<toEdge id="gneE48" probability=".2"/>
		</fromEdge>
        <fromEdge id="J1-E">
			<toEdge id="gneE144" probability=".2"/>
			<toEdge id="gneE48" probability=".6"/>
			<toEdge id="J5-N" probability=".2"/>
		</fromEdge>
        <fromEdge id="J1-S">
			<toEdge id="J2-W" probability=".2"/>
			<toEdge id="gneE144" probability=".6"/>
			<toEdge id="gneE48" probability=".2"/>
		</fromEdge>
        <fromEdge id="J2-W">
			<toEdge id="J3-W" probability=".2"/>
			<toEdge id="J7-N" probability=".8"/>
		</fromEdge>
        <fromEdge id="J2-S">
			<toEdge id="J1-E" probability=".7"/>
			<toEdge id="J3-W" probability=".3"/>
		</fromEdge>
        <fromEdge id="J2-E">
			<toEdge id="J1-E" probability=".2"/>
			<toEdge id="J7-N" probability=".8"/>
		</fromEdge>
        <fromEdge id="J3-W">
			<toEdge id="J4-W" probability=".2"/>
			<toEdge id="J8-N" probability=".8"/>
		</fromEdge>
        <fromEdge id="J3-E">
			<toEdge id="J2-E" probability=".2"/>
			<toEdge id="J8-N" probability=".8"/>
		</fromEdge>
        <fromEdge id="J3-S">
			<toEdge id="J2-E" probability=".7"/>
			<toEdge id="J4-W" probability=".3"/>
		</fromEdge>
        <fromEdge id="J4-W">
			<toEdge id="gneE146" probability=".2"/>
			<toEdge id="gneE64" probability=".6"/>
			<toEdge id="J9-N" probability=".2"/>
		</fromEdge>
        <fromEdge id="J4-N">
			<toEdge id="J3-E" probability=".2"/>
			<toEdge id="J9-N" probability=".6"/>
			<toEdge id="gneE64" probability=".2"/>
		</fromEdge>
        <fromEdge id="J4-N">
			<toEdge id="gneE64" probability=".2"/>
			<toEdge id="J3-E" probability=".6"/>
			<toEdge id="J9-N" probability=".2"/>
		</fromEdge>
        <fromEdge id="J4-S">
			<toEdge id="J3-E" probability=".2"/>
			<toEdge id="gneE146" probability=".6"/>
			<toEdge id="gneE64" probability=".2"/>
		</fromEdge>
        <fromEdge id="J5-N">
			<toEdge id="J10-N" probability=".8"/>
			<toEdge id="gneE69" probability=".2"/>
		</fromEdge>
        <fromEdge id="J5-S">
			<toEdge id="J1-S" probability=".8"/>
			<toEdge id="gneE69" probability=".2"/>
		</fromEdge>
        <fromEdge id="J5-W">
			<toEdge id="J1-S" probability=".7"/>
			<toEdge id="J10-N" probability=".3"/>
		</fromEdge>
        <fromEdge id="J7-N">
			<toEdge id="J11-N" probability=".8"/>
			<toEdge id="J8-W" probability=".2"/>
		</fromEdge>
        <fromEdge id="J7-S">
			<toEdge id="J2-S" probability=".8"/>
			<toEdge id="J8-W" probability=".2"/>
		</fromEdge>
        <fromEdge id="J7-E">
			<toEdge id="J11-N" probability=".7"/>
			<toEdge id="J2-S" probability=".3"/>
		</fromEdge>
        <fromEdge id="J8-W">
			<toEdge id="J9-W" probability=".8"/>
			<toEdge id="gneE163" probability=".2"/>
		</fromEdge>
        <fromEdge id="J8-S">
			<toEdge id="J9-W" probability="1"/>
		</fromEdge>
        <fromEdge id="J8-E">
			<toEdge id="J7-E" probability=".8"/>
			<toEdge id="J3-S" probability=".2"/>
		</fromEdge>
        <fromEdge id="J8-N">
			<toEdge id="J7-E" probability="1"/>
		</fromEdge>
        <fromEdge id="J9-N">
			<toEdge id="J16-N" probability=".8"/>
			<toEdge id="J8-E" probability=".2"/>
		</fromEdge>
        <fromEdge id="J9-S">
			<toEdge id="J4-S" probability=".8"/>
			<toEdge id="J8-E" probability=".2"/>
		</fromEdge>
        <fromEdge id="J9-W">
			<toEdge id="J4-S" probability=".7"/>
			<toEdge id="J16-N" probability=".3"/>
		</fromEdge>
        <fromEdge id="J10-N">
			<toEdge id="J12-N" probability=".2"/>
			<toEdge id="J11-W" probability=".8"/>
		</fromEdge>
        <fromEdge id="J10-S">
			<toEdge id="J5-S" probability=".2"/>
			<toEdge id="J11-W" probability=".8"/>
		</fromEdge>
        <fromEdge id="J10-E">
			<toEdge id="J12-N" probability=".7"/>
			<toEdge id="J5-S" probability=".3"/>
		</fromEdge>
        <fromEdge id="J11-S">
			<toEdge id="J7-S" probability="1"/>
		</fromEdge>
        <fromEdge id="J11-W">
			<toEdge id="gneE156" probability="1"/>
		</fromEdge>
        <fromEdge id="J11-N">
			<toEdge id="gneE156" probability=".8"/>
			<toEdge id="J10-E" probability=".2"/>
		</fromEdge>
        <fromEdge id="J12-N">
			<toEdge id="J17-N" probability=".2"/>
			<toEdge id="gneE161" probability=".8"/>
		</fromEdge>
        <fromEdge id="J12-S">
			<toEdge id="J10-S" probability=".2"/>
			<toEdge id="gneE161" probability=".8"/>
		</fromEdge>
        <fromEdge id="J12-E">
			<toEdge id="J17-N" probability=".7"/>
			<toEdge id="J10-S" probability=".3"/>
		</fromEdge>
        <fromEdge id="J13-W">
			<toEdge id="J18-N" probability=".2"/>
			<toEdge id="gneE166" probability=".6"/>
			<toEdge id="J11-S" probability=".2"/>
		</fromEdge>
        <fromEdge id="J13-S">
			<toEdge id="J12-E" probability=".2"/>
			<toEdge id="J11-S" probability=".6"/>
			<toEdge id="gneE166" probability=".2"/>
		</fromEdge>
        <fromEdge id="J13-E">
			<toEdge id="J18-N" probability=".2"/>
			<toEdge id="J12-E" probability=".6"/>
			<toEdge id="J11-S" probability=".2"/>
		</fromEdge>
        <fromEdge id="J13-N">
			<toEdge id="J12-E" probability=".2"/>
			<toEdge id="J18-N" probability=".6"/>
			<toEdge id="gneE166" probability=".2"/>
		</fromEdge>
        <fromEdge id="J14-W">
			<toEdge id="J19-N" probability=".2"/>
			<toEdge id="J15-W" probability=".6"/>
			<toEdge id="J8-S" probability=".2"/>
		</fromEdge>
        <fromEdge id="J14-S">
			<toEdge id="J13-E" probability=".2"/>
			<toEdge id="J8-S" probability=".6"/>
			<toEdge id="J15-W" probability=".2"/>
		</fromEdge>
        <fromEdge id="J14-E">
			<toEdge id="J19-N" probability=".2"/>
			<toEdge id="J13-E" probability=".6"/>
			<toEdge id="J8-S" probability=".2"/>
		</fromEdge>
        <fromEdge id="J14-N">
			<toEdge id="J15-W" probability=".2"/>
			<toEdge id="J19-N" probability=".6"/>
			<toEdge id="J13-E" probability=".2"/>
		</fromEdge>
        <fromEdge id="J15-N">
			<toEdge id="J20-N" probability=".8"/>
			<toEdge id="gneE168" probability=".2"/>
		</fromEdge>
        <fromEdge id="J15-S">
			<toEdge id="J16-S" probability=".8"/>
			<toEdge id="gneE168" probability=".2"/>
		</fromEdge>
        <fromEdge id="J15-W">
			<toEdge id="J16-S" probability=".7"/>
			<toEdge id="J20-N" probability=".3"/>
		</fromEdge>
        <fromEdge id="J16-E">
			<toEdge id="J15-N" probability=".7"/>
			<toEdge id="J9-S" probability=".3"/>
		</fromEdge>
        <fromEdge id="J16-N">
			<toEdge id="J15-N" probability=".8"/>
			<toEdge id="gneE124" probability=".2"/>
		</fromEdge>
        <fromEdge id="J16-S">
			<toEdge id="J9-S" probability=".8"/>
			<toEdge id="gneE124" probability=".2"/>
		</fromEdge>
        <fromEdge id="J17-W">
			<toEdge id="J21-N" probability=".2"/>
			<toEdge id="J18-W" probability=".6"/>
			<toEdge id="J12-S" probability=".2"/>
		</fromEdge>
        <fromEdge id="J17-N">
			<toEdge id="gneE86" probability=".2"/>
			<toEdge id="J21-N" probability=".6"/>
			<toEdge id="J18-W" probability=".2"/>
		</fromEdge>
        <fromEdge id="J17-E">
			<toEdge id="J12-S" probability=".2"/>
			<toEdge id="gneE86" probability=".6"/>
			<toEdge id="J21-N" probability=".2"/>
		</fromEdge>
        <fromEdge id="J17-S">
			<toEdge id="J18-W" probability=".2"/>
			<toEdge id="J12-S" probability=".6"/>
			<toEdge id="gneE86" probability=".2"/>
		</fromEdge>
        <fromEdge id="J18-W">
			<toEdge id="J19-W" probability=".2"/>
			<toEdge id="J13-S" probability=".8"/>
		</fromEdge>
        <fromEdge id="J18-E">
			<toEdge id="J17-E" probability=".2"/>
			<toEdge id="J13-S" probability=".8"/>
		</fromEdge>
        <fromEdge id="J18-N">
			<toEdge id="J19-W" probability=".7"/>
			<toEdge id="J17-E" probability=".3"/>
		</fromEdge>
        <fromEdge id="J19-W">
			<toEdge id="J20-W" probability=".2"/>
			<toEdge id="J14-S" probability=".8"/>
		</fromEdge>
        <fromEdge id="J19-E">
			<toEdge id="J18-E" probability=".2"/>
			<toEdge id="J14-S" probability=".8"/>
		</fromEdge>
        <fromEdge id="J19-N">
			<toEdge id="J20-W" probability=".7"/>
			<toEdge id="J18-E" probability=".3"/>
		</fromEdge>
        <fromEdge id="J20-W">
			<toEdge id="J23-N" probability=".2"/>
			<toEdge id="gneE106" probability=".6"/>
			<toEdge id="J15-S" probability=".2"/>
		</fromEdge>
        <fromEdge id="J20-S">
			<toEdge id="J19-E" probability=".2"/>
			<toEdge id="J15-S" probability=".6"/>
			<toEdge id="gneE106" probability=".2"/>
		</fromEdge>
        <fromEdge id="J20-E">
			<toEdge id="J23-N" probability=".2"/>
			<toEdge id="J19-E" probability=".6"/>
			<toEdge id="J15-S" probability=".2"/>
		</fromEdge>
        <fromEdge id="J20-N">
			<toEdge id="J19-E" probability=".2"/>
			<toEdge id="J23-N" probability=".6"/>
			<toEdge id="gneE106" probability=".2"/>
		</fromEdge>
        <fromEdge id="J21-W">
			<toEdge id="gneE94" probability=".2"/>
			<toEdge id="J22-W" probability=".6"/>
			<toEdge id="J17-S" probability=".2"/>
		</fromEdge>
        <fromEdge id="J21-S">
			<toEdge id="gneE92" probability=".2"/>
			<toEdge id="J17-S" probability=".6"/>
			<toEdge id="J22-W" probability=".2"/>
		</fromEdge>
        <fromEdge id="J21-E">
			<toEdge id="gneE94" probability=".2"/>
			<toEdge id="gneE92" probability=".6"/>
			<toEdge id="J17-S" probability=".2"/>
		</fromEdge>
        <fromEdge id="J21-N">
			<toEdge id="gneE92" probability=".2"/>
			<toEdge id="gneE94" probability=".6"/>
			<toEdge id="J22-W" probability=".2"/>
		</fromEdge>
        <fromEdge id="J22-W">
			<toEdge id="J23-W" probability=".8"/>
			<toEdge id="gneE98" probability=".2"/>
		</fromEdge>
        <fromEdge id="J22-E">
			<toEdge id="J21-E" probability=".8"/>
			<toEdge id="gneE98" probability=".2"/>
		</fromEdge>
        <fromEdge id="J22-S">
			<toEdge id="J21-E" probability=".7"/>
			<toEdge id="J23-W" probability=".3"/>
		</fromEdge>
        <fromEdge id="J23-W">
			<toEdge id="J20-S" probability=".7"/>
			<toEdge id="gneE102" probability=".3"/>
		</fromEdge>
        <fromEdge id="J23-S">
			<toEdge id="J20-S" probability=".8"/>
			<toEdge id="J22-E" probability=".2"/>
		</fromEdge>
        <fromEdge id="J23-N">
			<toEdge id="gneE102" probability=".8"/>
			<toEdge id="J22-E" probability=".2"/>
		</fromEdge>
	</interval>
</turns>